{"type":"FeatureCollection","view_bbox":[136.947312,35.280203,137.015518,35.320426],"view_note":"地図の表示範囲。データの範囲ではない。市が公表している対象エリア図（48603.html 掲載の R9sinooka_busarea.png、1639×1179px、図中の500mスケールバーで約3.785m/px）と同じ範囲・同じ縮尺になるよう、通学区域界（赤線）を原図の学校区線に重ね合わせて決めた枠。枠の大きさも原図と同じ 1639×1179 で、js/main.js の VIEW_W がこれに対応する。桃花台東の通学区域はこの枠の北東へさらに広がっているが、それは原図でも同じく切れている。バス対象エリア・地区名・桃花台西の通学区域はすべてこの枠に収まる。js/main.js の BUS SERVICE AREA MAP がこれを読む。無い場合は全データから自動計算する。","name":"komaki-shinooka-school-bus-map","note_ja":"小牧市教育委員会が公表している「R9スクールバス通学にかかる対象エリア」図から、当サイトが着色部分を読み取って起こした非公式の図です。正式な対象可否は市から届く書類でご確認ください。","note_en":"Unofficial map: this site read the coloured area off the service-area figure published by the Komaki City Board of Education. Check the documents sent by the city for the authoritative answer.","source_ja":"小牧市教育委員会 教育総務課『篠岡地区 学校再編だより』vol.6（令和8年8月）","accuracy_note_ja":"対象エリア（紫）は市の公表図の着色部分を色で抽出したもので、枠・縮尺も原図に合わせてある（1639×1179px、約3.785 m/px）。原図に対する誤差はおおむね1画素（約4 m）だが、原図そのものが縮尺の小さい図なので、番地単位の判断には使えない。通学区域（赤線）は国土数値情報「小学校区」（国土交通省）と国勢調査 小地域境界（総務省統計局）から合成。道路・字名・施設の位置は OpenStreetMap（ODbL）。","osm_attribution":"道路・地名・施設データ © OpenStreetMap contributors (ODbL)","features":[{"type":"Feature","properties":{"name":"スクールバス通学対象エリア","name_en":"School bus service area","unofficial":true,"area_km2":12.28,"official_km2_east":15.1,"official_km2_west":3.4,"source_note":"市が公表している対象エリア図（小牧市ホームページ 篠岡地区における学校再編について に掲載の R9sinooka_busarea.png、1639×1179px。『篠岡地区 学校再編だより』vol.6 と同じ図）から、紫の着色部分を色で抽出して起こしたもの。原図の学校区線に下記 district の通学区域データを重ね合わせて位置合わせ（約3.785 m/px）し、線幅ぶんの欠けを補ったうえで通学区域の内側に切り詰めてある。図形の誤差は原図に対しておおむね1画素（約4 m）。原図は北東側が枠で切れているため、公表されているバスエリア（東15.1 km²・西3.4 km²＝計18.5 km²）のうち、この図に写っているのは 12.28 km²。残りは枠の外（大字大山・野口の山側）にあたる。検算：枠内の通学区域 20.72 km² からこの面積を引いた 8.42 km² が枠内の徒歩エリアで、公表値 8.7 km²（5.2＋3.5）とほぼ一致する。"},"geometry":{"type":"Polygon","coordinates":[[[136.967329,35.320426],[137.015518,35.320426],[137.015518,35.305245],[137.014186,35.304835],[137.013354,35.304801],[137.013188,35.304665],[137.013229,35.304289],[137.013853,35.303778],[137.013604,35.303437],[137.012938,35.303846],[137.012688,35.303744],[137.012688,35.303539],[137.013063,35.303368],[137.014145,35.302515],[137.014394,35.302072],[137.014727,35.30214],[137.014769,35.302481],[137.014394,35.302822],[137.013812,35.303095],[137.014519,35.303471],[137.015268,35.303198],[137.015393,35.303061],[137.01531,35.302242],[137.014353,35.301048],[137.014145,35.301083],[137.013146,35.301867],[137.012522,35.302208],[137.012022,35.30214],[137.012147,35.301663],[137.012688,35.30139],[137.012855,35.301083],[137.013853,35.300707],[137.01377,35.300332],[137.014228,35.299718],[137.01377,35.300059],[137.013312,35.30023],[137.010108,35.301151],[137.010774,35.302379],[137.010857,35.305688],[137.010191,35.307223],[137.009151,35.308895],[137.009109,35.311999],[137.008402,35.312204],[137.007986,35.313023],[137.007694,35.313262],[137.007528,35.313603],[137.006613,35.313705],[137.005905,35.314183],[137.003658,35.313637],[137.002326,35.313705],[137.001868,35.313535],[137.001078,35.313535],[137.000412,35.313364],[137.000246,35.313398],[136.99958,35.314012],[136.998331,35.314695],[136.997998,35.314695],[136.997499,35.314217],[136.994503,35.314183],[136.992755,35.31391],[136.986887,35.314285],[136.986971,35.313125],[136.983392,35.31333],[136.983225,35.311522],[136.984099,35.31142],[136.984099,35.310703],[136.983849,35.310157],[136.983891,35.30968],[136.984141,35.309441],[136.984807,35.309134],[136.985181,35.30869],[136.985181,35.308247],[136.981477,35.307462],[136.97844,35.305893],[136.978606,35.305381],[136.978897,35.305381],[136.97948,35.305074],[136.980187,35.304221],[136.981311,35.303402],[136.981353,35.303232],[136.982351,35.302686],[136.983641,35.301663],[136.985015,35.300844],[136.985389,35.300434],[136.986138,35.300161],[136.987553,35.299991],[136.987969,35.29982],[136.988469,35.299377],[136.988802,35.298592],[136.989176,35.296955],[136.989759,35.296375],[136.989759,35.29617],[136.988469,35.295522],[136.986846,35.294498],[136.986846,35.294225],[136.987179,35.293987],[136.987303,35.293577],[136.986638,35.292485],[136.986804,35.292042],[136.987595,35.292144],[136.988302,35.29194],[136.988635,35.291701],[136.989051,35.291121],[136.989384,35.291189],[136.990258,35.291735],[136.991923,35.292008],[136.991923,35.291769],[136.992588,35.291257],[136.99417,35.290643],[136.994419,35.290643],[136.995293,35.291974],[136.995377,35.292281],[136.995626,35.292451],[136.996334,35.293509],[136.998747,35.294942],[136.999829,35.295181],[137.003367,35.294874],[137.006196,35.297432],[137.006238,35.297773],[137.005863,35.298012],[137.006571,35.298592],[137.006529,35.299002],[137.007278,35.299172],[137.008277,35.29982],[137.009026,35.299786],[137.009567,35.300298],[137.009609,35.300468],[137.009484,35.300605],[137.00861,35.300912],[137.00965,35.300707],[137.009858,35.30023],[137.01094,35.300332],[137.011315,35.299616],[137.011481,35.29965],[137.011689,35.300093],[137.011939,35.300161],[137.01273,35.299991],[137.013604,35.299309],[137.013895,35.29924],[137.013812,35.298285],[137.013312,35.298012],[137.013354,35.297705],[137.013229,35.297466],[137.013354,35.296238],[137.013645,35.295488],[137.013645,35.29327],[137.013021,35.293168],[137.011273,35.290916],[137.010483,35.290404],[137.010732,35.289586],[137.010441,35.288665],[137.010108,35.288357],[137.010275,35.28747],[137.01015,35.286925],[137.01119,35.286208],[137.011814,35.285458],[137.012064,35.285458],[137.01248,35.284946],[137.012147,35.284946],[137.011148,35.285901],[137.010067,35.286515],[137.009193,35.287539],[137.008776,35.287539],[137.008693,35.287402],[137.00886,35.286891],[137.009359,35.286106],[137.010483,35.285219],[137.010608,35.284946],[137.010399,35.284946],[137.010358,35.285185],[137.010067,35.285355],[137.009817,35.285355],[137.009484,35.285594],[137.009026,35.285594],[137.008901,35.285696],[137.008527,35.286925],[137.008152,35.287368],[137.007986,35.287368],[137.007528,35.287061],[137.007403,35.286413],[137.007237,35.286174],[137.006987,35.28614],[137.006779,35.286379],[137.006404,35.286481],[137.005905,35.286481],[137.005739,35.286379],[137.005531,35.285935],[137.005697,35.285731],[137.00578,35.284946],[137.005114,35.284946],[137.004615,35.286242],[137.003783,35.287129],[137.003159,35.287095],[137.002867,35.286925],[137.002826,35.286549],[137.003325,35.286447],[137.003491,35.28614],[137.003075,35.285492],[137.002784,35.285628],[137.002409,35.285594],[137.002285,35.285765],[137.002118,35.285765],[137.001577,35.285389],[137.001161,35.285389],[137.000662,35.284946],[137.000162,35.284946],[136.999954,35.285253],[136.999538,35.285287],[136.999621,35.284946],[136.998789,35.284946],[136.998789,35.283615],[136.998331,35.28365],[136.997998,35.28382],[136.996875,35.28382],[136.996875,35.283581],[136.996167,35.283581],[136.994669,35.28266],[136.994503,35.282763],[136.994211,35.282694],[136.994128,35.28249],[136.994253,35.282285],[136.993504,35.282387],[136.99238,35.282148],[136.991964,35.282114],[136.991923,35.282217],[136.991756,35.282217],[136.991132,35.281876],[136.99005,35.281603],[136.989509,35.280886],[136.988677,35.280579],[136.988302,35.280204],[136.987761,35.281227],[136.986971,35.281603],[136.986638,35.282285],[136.986221,35.282592],[136.985764,35.282592],[136.985431,35.282797],[136.985181,35.282797],[136.984723,35.282285],[136.983849,35.281944],[136.98335,35.281978],[136.981103,35.281466],[136.980604,35.281466],[136.979438,35.282353],[136.979397,35.28249],[136.979313,35.283035],[136.979563,35.283343],[136.97948,35.283991],[136.980063,35.284707],[136.980021,35.284912],[136.979771,35.284912],[136.979771,35.285185],[136.979605,35.285389],[136.979397,35.285389],[136.979022,35.284946],[136.978564,35.285082],[136.978356,35.284946],[136.978107,35.285014],[136.977857,35.284298],[136.9764,35.2844],[136.975901,35.284673],[136.975069,35.284775],[136.974569,35.285048],[136.973238,35.285151],[136.972614,35.285321],[136.971864,35.285867],[136.971864,35.285969],[136.970824,35.286788],[136.97045,35.2873],[136.969992,35.287607],[136.970158,35.287709],[136.970408,35.28747],[136.970616,35.28747],[136.970533,35.28904],[136.970907,35.289756],[136.971532,35.28979],[136.972239,35.290097],[136.9764,35.287505],[136.978356,35.287539],[136.978897,35.287129],[136.979189,35.287129],[136.980146,35.28805],[136.980645,35.28788],[136.980936,35.287914],[136.981436,35.289074],[136.982185,35.289927],[136.982559,35.289756],[136.982643,35.289347],[136.982809,35.28921],[136.984682,35.289279],[136.986596,35.289927],[136.986887,35.290166],[136.987262,35.290097],[136.987387,35.2902],[136.98772,35.2902],[136.98876,35.291018],[136.988718,35.291257],[136.988219,35.291735],[136.98772,35.291871],[136.986762,35.291769],[136.986388,35.292281],[136.986388,35.292622],[136.987054,35.293509],[136.986971,35.29385],[136.986471,35.294294],[136.986471,35.294566],[136.989343,35.296238],[136.989343,35.296443],[136.989093,35.296613],[136.988802,35.297159],[136.98876,35.297739],[136.988385,35.299036],[136.987678,35.299718],[136.987012,35.299889],[136.985972,35.299957],[136.985348,35.30023],[136.985306,35.300366],[136.985098,35.3004],[136.984807,35.300707],[136.983933,35.301185],[136.982476,35.302311],[136.981145,35.303095],[136.980936,35.303437],[136.980146,35.303914],[136.979355,35.304903],[136.978981,35.305108],[136.978481,35.305176],[136.978023,35.305961],[136.977108,35.30695],[136.9769,35.307428],[136.976567,35.307428],[136.976567,35.30695],[136.976234,35.306439],[136.975901,35.306405],[136.975402,35.306166],[136.97432,35.306029],[136.97407,35.305756],[136.973696,35.305586],[136.973071,35.305756],[136.972364,35.305722],[136.972031,35.305518],[136.971656,35.305518],[136.971324,35.305381],[136.971115,35.305586],[136.971157,35.305859],[136.97045,35.30579],[136.970408,35.305688],[136.969326,35.305688],[136.968743,35.305381],[136.967079,35.30504],[136.966621,35.304665],[136.966413,35.302447],[136.965373,35.301117],[136.965289,35.29965],[136.965165,35.296852],[136.965789,35.296852],[136.965747,35.295419],[136.965456,35.294532],[136.966038,35.293475],[136.964998,35.291837],[136.964832,35.291326],[136.966912,35.290643],[136.967953,35.289449],[136.968535,35.289176],[136.968535,35.288869],[136.968785,35.288596],[136.968161,35.289074],[136.967994,35.289074],[136.96504,35.28747],[136.965123,35.287061],[136.966829,35.286345],[136.965497,35.284127],[136.963875,35.284025],[136.963125,35.283786],[136.962876,35.28382],[136.962543,35.283615],[136.962168,35.283581],[136.961877,35.283343],[136.96092,35.283104],[136.960462,35.282353],[136.959422,35.282148],[136.95963,35.281739],[136.960171,35.281296],[136.960337,35.280818],[136.958964,35.280647],[136.956967,35.280954],[136.956717,35.281398],[136.955302,35.281705],[136.954761,35.281978],[136.954137,35.282899],[136.953596,35.28307],[136.953887,35.283615],[136.953887,35.283752],[136.953679,35.283888],[136.953388,35.283888],[136.947312,35.285833],[136.950891,35.291291],[136.950808,35.291428],[136.950932,35.291701],[136.94881,35.292042],[136.948394,35.292213],[136.949684,35.294601],[136.949518,35.294839],[136.950142,35.295863],[136.950017,35.296102],[136.95035,35.296648],[136.9501,35.297057],[136.950766,35.297876],[136.950683,35.298285],[136.951432,35.298763],[136.95164,35.298558],[136.952222,35.298763],[136.952555,35.298353],[136.952805,35.298456],[136.953804,35.298353],[136.953887,35.299036],[136.954095,35.299104],[136.953929,35.299479],[136.954886,35.300093],[136.955094,35.299991],[136.955468,35.300264],[136.955801,35.300161],[136.95655,35.300673],[136.957757,35.300503],[136.95784,35.301287],[136.958631,35.301253],[136.958673,35.302038],[136.959047,35.302277],[136.959921,35.302208],[136.960046,35.302822],[136.960587,35.303129],[136.960337,35.303539],[136.961128,35.304051],[136.961294,35.304119],[136.961544,35.303812],[136.96196,35.303948],[136.963625,35.30388],[136.963542,35.304358],[136.964083,35.304528],[136.963791,35.305415],[136.963999,35.305483],[136.963999,35.305722],[136.964624,35.305756],[136.964665,35.305552],[136.965664,35.305654],[136.965789,35.305518],[136.965955,35.305552],[136.965664,35.30753],[136.965081,35.30753],[136.964998,35.308008],[136.964998,35.308179],[136.965581,35.308179],[136.965456,35.308997],[136.965581,35.309407],[136.965373,35.309407],[136.965123,35.309611],[136.964332,35.309407],[136.963666,35.309918],[136.963209,35.310669],[136.963417,35.310908],[136.962917,35.311317],[136.962293,35.312852],[136.961919,35.313296],[136.961877,35.314524],[136.961461,35.315684],[136.961711,35.315718],[136.961794,35.315479],[136.962293,35.315343],[136.962626,35.315479],[136.962834,35.316025],[136.963167,35.316298],[136.964748,35.316639],[136.965622,35.31756],[136.965789,35.318447],[136.966247,35.318788],[136.967329,35.320426]],[[137.008277,35.302004],[137.009026,35.301867],[137.009068,35.301731],[137.008527,35.301867],[137.007736,35.301321],[137.007611,35.301151],[137.007736,35.300844],[137.008235,35.300912],[137.008069,35.300639],[137.007736,35.300605],[137.00732,35.301083],[137.008277,35.302004]]]}},{"type":"Feature","properties":{"name":"桃花台東小学校（新設）","name_en":"Tokadai-Higashi Elementary (new)","kind":"new"},"geometry":{"type":"Point","coordinates":[136.9926695,35.3030795]}},{"type":"Feature","properties":{"name":"桃花台西小学校（新設）","name_en":"Tokadai-Nishi Elementary (new)","kind":"new"},"geometry":{"type":"Point","coordinates":[136.9774857,35.2978422]}},{"type":"Feature","properties":{"layer":"district","key":"east","name":"桃花台東","name_en":"Tokadai Higashi","official_km2":20.3,"computed_km2":20.31,"source":"国土数値情報 A27-21（小学校区・国土交通省）＋ e-Stat 国勢調査小地域境界（総務省統計局）","label_lon":136.989693,"label_lat":35.310889,"boundary_note":"通学区域の境は、国土数値情報「小学校区」（国土交通省、A27-21）の現行5校区を、『篠岡地区学校再編だより』の統合の組合せどおりに合成したもの。大城小学校区の分割は e-Stat 国勢調査小地域境界（総務省統計局）の町丁境で行い、大草・城山三丁目を桃花台東、城山二・四・五丁目を桃花台西とした。この方法で得た面積は桃花台東 20.32 km²・桃花台西 6.89 km² で、だより vol.3 の公表値 20.3 km²・6.9 km² と小数第1位まで一致する。トレースではないので、目視で引き直さないこと。"},"geometry":{"type":"Polygon","coordinates":[[[137.010747,35.290519],[137.010407,35.290342],[137.01073,35.289678],[137.01044,35.288696],[137.010062,35.288298],[137.010208,35.288052],[137.010129,35.287773],[137.010272,35.28741],[137.010135,35.286942],[137.011122,35.286235],[137.011884,35.285393],[137.012055,35.285432],[137.012885,35.28455],[137.012824,35.28451],[137.012484,35.284655],[137.011201,35.285864],[137.010046,35.286577],[137.009179,35.287562],[137.008789,35.287562],[137.00867,35.287356],[137.008883,35.286846],[137.009392,35.286081],[137.010428,35.285247],[137.010589,35.284992],[137.010666,35.284437],[137.010378,35.284517],[137.010462,35.284868],[137.010377,35.285157],[137.010004,35.285378],[137.009422,35.285344],[137.008916,35.285716],[137.008493,35.286969],[137.008072,35.287462],[137.007496,35.287007],[137.007348,35.286335],[137.007226,35.286198],[137.007025,35.286156],[137.006801,35.28637],[137.006309,35.286487],[137.005943,35.286509],[137.005725,35.286345],[137.005507,35.285979],[137.005669,35.285718],[137.005857,35.284365],[137.005681,35.284365],[137.005128,35.284978],[137.004738,35.286136],[137.003778,35.287149],[137.003158,35.287066],[137.002844,35.286907],[137.002809,35.28657],[137.003299,35.286416],[137.003473,35.286165],[137.003054,35.285515],[137.002728,35.285639],[137.002445,35.285604],[137.002278,35.285776],[137.001956,35.28571],[137.001556,35.285417],[137.001126,35.285369],[137.001035,35.285192],[137.000627,35.284999],[137.000601,35.284599],[137.000414,35.284537],[137.000211,35.284606],[137.000174,35.284979],[136.999956,35.285226],[136.999455,35.285305],[136.99972,35.284609],[136.99921,35.284591],[136.999077,35.283587],[136.998342,35.283662],[136.997943,35.283821],[136.997344,35.283758],[136.996866,35.28384],[136.996869,35.283586],[136.996139,35.283565],[136.994655,35.282682],[136.994544,35.282713],[136.994593,35.282865],[136.994067,35.282625],[136.994241,35.282304],[136.993704,35.282419],[136.992359,35.282156],[136.99197,35.282142],[136.991852,35.282258],[136.991121,35.281905],[136.990046,35.281579],[136.989489,35.280889],[136.988638,35.280554],[136.988334,35.280239],[136.987774,35.281227],[136.987005,35.281625],[136.986651,35.282278],[136.98621,35.282615],[136.985823,35.282611],[136.985004,35.282301],[136.984579,35.282278],[136.983848,35.281962],[136.983508,35.282007],[136.981094,35.281486],[136.980615,35.281498],[136.979449,35.282385],[136.979353,35.282989],[136.979452,35.283282],[136.979604,35.283361],[136.979489,35.283962],[136.980021,35.284565],[136.980095,35.284863],[136.979941,35.284913],[136.980101,35.285206],[136.980445,35.285211],[136.980675,35.28588],[136.980648,35.286629],[136.981012,35.287658],[136.982242,35.2898],[136.982002,35.289952],[136.982458,35.289724],[136.982618,35.289252],[136.982833,35.289123],[136.983153,35.289116],[136.98323,35.289012],[136.983403,35.289124],[136.984795,35.289144],[136.987086,35.290062],[136.987266,35.289978],[136.98743,35.290121],[136.987709,35.290082],[136.989015,35.291014],[136.988537,35.291538],[136.987977,35.291891],[136.987532,35.291994],[136.986812,35.29185],[136.986537,35.292422],[136.987215,35.29357],[136.986582,35.294357],[136.989676,35.29616],[136.988982,35.29694],[136.988392,35.299068],[136.988132,35.299394],[136.98754,35.299761],[136.98559,35.300092],[136.980513,35.303551],[136.980424,35.303877],[136.979564,35.304789],[136.978896,35.305223],[136.978623,35.305184],[136.977604,35.306585],[136.977186,35.306942],[136.977007,35.307528],[136.97668,35.30743],[136.976405,35.30755],[136.976567,35.307398],[136.976409,35.307354],[136.976377,35.306765],[136.976178,35.306451],[136.97439,35.306087],[136.973685,35.305673],[136.972744,35.305857],[136.972686,35.305669],[136.971361,35.30542],[136.971058,35.305892],[136.969781,35.305476],[136.969526,35.305697],[136.96708,35.30505],[136.966239,35.305049],[136.965886,35.305403],[136.965974,35.30561],[136.965671,35.307556],[136.965104,35.307496],[136.96503,35.308146],[136.965588,35.308212],[136.965482,35.30916],[136.965644,35.30941],[136.965384,35.309435],[136.965071,35.309662],[136.964434,35.309352],[136.963683,35.309922],[136.96325,35.310679],[136.963417,35.310821],[136.963394,35.310942],[136.962919,35.311318],[136.962263,35.312909],[136.961956,35.313327],[136.961888,35.314476],[136.961442,35.315684],[136.961697,35.315697],[136.961756,35.315507],[136.962243,35.315327],[136.962627,35.315486],[136.962867,35.315993],[136.963172,35.316264],[136.964775,35.316644],[136.965657,35.317581],[136.965714,35.318219],[136.965908,35.318555],[136.966221,35.318756],[136.967452,35.320535],[136.968125,35.320687],[136.968355,35.321339],[136.969144,35.321592],[136.969313,35.321763],[136.969368,35.322276],[136.970063,35.322616],[136.970713,35.322751],[136.973065,35.323989],[136.973364,35.323961],[136.973364,35.323496],[136.973829,35.322913],[136.974864,35.322511],[136.975892,35.322608],[136.976971,35.322889],[136.977438,35.323239],[136.977605,35.323621],[136.978889,35.32472],[136.979779,35.324204],[136.980223,35.324155],[136.981059,35.324428],[136.98132,35.323205],[136.981133,35.322566],[136.980855,35.322108],[136.981866,35.321388],[136.983366,35.321333],[136.984304,35.320576],[136.984641,35.320969],[136.984998,35.321229],[136.985269,35.321284],[136.985828,35.323052],[136.985841,35.323469],[136.986265,35.323969],[136.986911,35.325121],[136.986902,35.3257],[136.987363,35.326972],[136.987343,35.327562],[136.988859,35.329791],[136.989156,35.330612],[136.989678,35.330724],[136.990206,35.330454],[136.990665,35.330746],[136.994835,35.330051],[136.996265,35.330981],[136.99703,35.330811],[136.99794,35.33099],[136.998857,35.331851],[136.999978,35.332251],[137.000751,35.332168],[137.002161,35.331451],[137.004149,35.33079],[137.004633,35.33079],[137.005261,35.33108],[137.007326,35.331135],[137.00848,35.330928],[137.009415,35.330177],[137.009907,35.330081],[137.010765,35.330411],[137.011096,35.330804],[137.011606,35.331073],[137.012158,35.331693],[137.012481,35.333512],[137.012786,35.334049],[137.012812,35.334249],[137.012591,35.33469],[137.01288,35.334835],[137.016506,35.335028],[137.016829,35.334511],[137.016999,35.334456],[137.017203,35.335028],[137.01767,35.334794],[137.018316,35.333767],[137.018562,35.333671],[137.018783,35.333891],[137.018757,35.334077],[137.018018,35.335042],[137.018868,35.334932],[137.019896,35.33376],[137.02004,35.333815],[137.020057,35.334125],[137.019139,35.335393],[137.019479,35.335621],[137.020396,35.335855],[137.020617,35.335814],[137.020914,35.335559],[137.020702,35.335007],[137.022265,35.334201],[137.022936,35.334594],[137.023386,35.334635],[137.023395,35.334187],[137.023539,35.334036],[137.023887,35.333946],[137.024592,35.333988],[137.024906,35.334139],[137.026614,35.333905],[137.028346,35.33405],[137.028949,35.333884],[137.029552,35.333898],[137.030257,35.333691],[137.030835,35.333926],[137.032448,35.333774],[137.033273,35.334002],[137.033909,35.333899],[137.034232,35.334174],[137.035166,35.334312],[137.035591,35.334594],[137.036602,35.33467],[137.03695,35.334842],[137.037459,35.335346],[137.038148,35.335704],[137.03836,35.335759],[137.039541,35.335504],[137.041256,35.336035],[137.041672,35.336331],[137.042824,35.338],[137.04431,35.338771],[137.045608,35.338984],[137.046229,35.339442],[137.045373,35.338237],[137.04526,35.336879],[137.045129,35.336673],[137.044677,35.336688],[137.043812,35.336993],[137.043511,35.33694],[137.043426,35.336818],[137.043158,35.335931],[137.042768,35.335222],[137.042462,35.334953],[137.041621,35.333561],[137.041443,35.332776],[137.041044,35.331962],[137.040959,35.331694],[137.041452,35.331205],[137.040602,35.330378],[137.040084,35.330082],[137.039677,35.329992],[137.038887,35.329999],[137.036211,35.329551],[137.034632,35.328814],[137.032211,35.327208],[137.031549,35.32665],[137.030164,35.326099],[137.028941,35.325906],[137.027761,35.325024],[137.026835,35.325051],[137.025518,35.324693],[137.025119,35.324962],[137.024822,35.324982],[137.02376,35.323673],[137.021416,35.321406],[137.021051,35.321172],[137.020686,35.321096],[137.01948,35.321027],[137.019242,35.32069],[137.019251,35.320256],[137.01976,35.319759],[137.019939,35.319126],[137.01993,35.318616],[137.019183,35.317844],[137.018818,35.317631],[137.018495,35.317196],[137.01993,35.315769],[137.019777,35.31561],[137.019888,35.315322],[137.020296,35.314985],[137.020016,35.314062],[137.019871,35.313958],[137.019362,35.313848],[137.01824,35.313938],[137.017841,35.313745],[137.017586,35.313373],[137.01717,35.311443],[137.017051,35.311285],[137.016593,35.311306],[137.016474,35.310734],[137.017654,35.309335],[137.017799,35.308777],[137.017476,35.308205],[137.017578,35.306586],[137.017663,35.306297],[137.018088,35.306186],[137.018283,35.305945],[137.018266,35.30516],[137.018148,35.30485],[137.016389,35.305242],[137.014453,35.30496],[137.013561,35.304657],[137.013162,35.304354],[137.013816,35.303775],[137.013578,35.303465],[137.012822,35.303906],[137.012627,35.303671],[137.014113,35.302493],[137.014368,35.302045],[137.014648,35.302073],[137.014818,35.302252],[137.01481,35.302479],[137.014436,35.302817],[137.013808,35.303086],[137.014054,35.303286],[137.013994,35.30363],[137.014555,35.303782],[137.015056,35.303761],[137.015396,35.303168],[137.015243,35.302128],[137.014351,35.301081],[137.014156,35.301087],[137.013179,35.301852],[137.012355,35.3023],[137.011981,35.301969],[137.012109,35.30168],[137.0134,35.301074],[137.01385,35.30075],[137.013757,35.300364],[137.014249,35.299717],[137.013774,35.30004],[137.013128,35.300274],[137.009782,35.301259],[137.009272,35.301687],[137.00855,35.301894],[137.007769,35.301018],[137.007922,35.300826],[137.008406,35.300956],[137.009612,35.300688],[137.009994,35.300226],[137.010903,35.300309],[137.0112,35.299702],[137.011421,35.299537],[137.01171,35.300088],[137.011956,35.300144],[137.012721,35.299957],[137.013587,35.299337],[137.01402,35.299165],[137.014181,35.298931],[137.01402,35.298366],[137.013791,35.298035],[137.013264,35.297656],[137.013222,35.297236],[137.013341,35.296285],[137.013613,35.295445],[137.013621,35.293281],[137.013018,35.293143],[137.012186,35.291682],[137.011481,35.290697],[137.01113,35.290876],[137.011213,35.290981],[137.010747,35.290519]]]}},{"type":"Feature","properties":{"layer":"district","key":"west","name":"桃花台西","name_en":"Tokadai Nishi","official_km2":6.9,"computed_km2":6.89,"source":"国土数値情報 A27-21（小学校区・国土交通省）＋ e-Stat 国勢調査小地域境界（総務省統計局）","label_lon":136.964506,"label_lat":35.296408,"boundary_note":"通学区域の境は、国土数値情報「小学校区」（国土交通省、A27-21）の現行5校区を、『篠岡地区学校再編だより』の統合の組合せどおりに合成したもの。大城小学校区の分割は e-Stat 国勢調査小地域境界（総務省統計局）の町丁境で行い、大草・城山三丁目を桃花台東、城山二・四・五丁目を桃花台西とした。この方法で得た面積は桃花台東 20.32 km²・桃花台西 6.89 km² で、だより vol.3 の公表値 20.3 km²・6.9 km² と小数第1位まで一致する。トレースではないので、目視で引き直さないこと。"},"geometry":{"type":"Polygon","coordinates":[[[136.981734,35.290108],[136.982242,35.2898],[136.981012,35.287658],[136.980648,35.286629],[136.980675,35.28588],[136.980445,35.285211],[136.980101,35.285206],[136.979941,35.284913],[136.979777,35.284943],[136.97968,35.285205],[136.979156,35.284908],[136.978444,35.285092],[136.977855,35.284308],[136.975929,35.284453],[136.972633,35.285345],[136.972297,35.285628],[136.971571,35.285934],[136.970425,35.287312],[136.968105,35.289132],[136.964996,35.287403],[136.965114,35.287095],[136.966793,35.286312],[136.965466,35.284153],[136.963834,35.284008],[136.962394,35.283606],[136.962302,35.283662],[136.961861,35.28336],[136.960883,35.283084],[136.960423,35.282381],[136.959372,35.282147],[136.959655,35.281706],[136.960177,35.28129],[136.960341,35.280751],[136.960061,35.280822],[136.959003,35.280677],[136.956982,35.280973],[136.956742,35.281385],[136.955276,35.281725],[136.954799,35.282],[136.954118,35.282924],[136.953628,35.283094],[136.953936,35.283749],[136.94728,35.285865],[136.950972,35.291392],[136.949539,35.291703],[136.948375,35.292151],[136.949752,35.294725],[136.949528,35.294801],[136.950213,35.295968],[136.950025,35.296044],[136.950408,35.296768],[136.950041,35.296897],[136.950826,35.297975],[136.950683,35.298259],[136.951443,35.298791],[136.951708,35.298501],[136.952151,35.298769],[136.952566,35.298294],[136.952818,35.298454],[136.953832,35.298323],[136.953926,35.299009],[136.954174,35.299159],[136.953905,35.299439],[136.954896,35.300065],[136.955015,35.299939],[136.955499,35.300243],[136.955699,35.300105],[136.956563,35.30065],[136.957765,35.300476],[136.957854,35.301268],[136.958665,35.301231],[136.958711,35.302009],[136.959086,35.302253],[136.959954,35.302207],[136.960055,35.302815],[136.96066,35.303188],[136.960346,35.303522],[136.961293,35.304101],[136.961583,35.303791],[136.961986,35.30393],[136.963634,35.303876],[136.963554,35.304339],[136.964148,35.304536],[136.963832,35.305471],[136.964034,35.305498],[136.964001,35.305694],[136.964623,35.305749],[136.964644,35.30554],[136.965702,35.30563],[136.966239,35.305049],[136.966681,35.304989],[136.969526,35.305697],[136.969781,35.305476],[136.971058,35.305892],[136.971361,35.30542],[136.972686,35.305669],[136.972744,35.305857],[136.973685,35.305673],[136.97439,35.306087],[136.976178,35.306451],[136.976377,35.306765],[136.976409,35.307354],[136.976567,35.307398],[136.976405,35.30755],[136.97668,35.30743],[136.977007,35.307528],[136.977186,35.306942],[136.977604,35.306585],[136.978623,35.305184],[136.978896,35.305223],[136.979564,35.304789],[136.980424,35.303877],[136.980513,35.303551],[136.981095,35.303145],[136.98559,35.300092],[136.98754,35.299761],[136.988132,35.299394],[136.988528,35.298736],[136.988982,35.29694],[136.989676,35.29616],[136.986582,35.294357],[136.987215,35.29357],[136.986537,35.292422],[136.986812,35.29185],[136.987532,35.291994],[136.988188,35.291798],[136.989015,35.291014],[136.988841,35.290817],[136.987709,35.290082],[136.98743,35.290121],[136.987266,35.289978],[136.987086,35.290062],[136.984795,35.289144],[136.983403,35.289124],[136.98323,35.289012],[136.983153,35.289116],[136.982833,35.289123],[136.982618,35.289252],[136.982458,35.289724],[136.981734,35.290108]]]}},{"type":"Feature","properties":{"layer":"road","cls":"motorway","name":"中央自動車道"},"geometry":{"type":"LineString","coordinates":[[136.98093,35.28862],[136.98301,35.2914]]}},{"type":"Feature","properties":{"layer":"road","cls":"motorway","name":"中央自動車道"},"geometry":{"type":"LineString","coordinates":[[136.97239,35.28631],[136.97597,35.28563],[136.97782,35.28574],[136.97939,35.28659],[136.98093,35.28862]]}},{"type":"Feature","properties":{"layer":"road","cls":"secondary","name":"神屋味美線"},"geometry":{"type":"LineString","coordinates":[[136.98541,35.27105],[136.98616,35.27291],[136.98598,35.27509],[136.98624,35.27608],[136.98881,35.28021],[136.99092,35.28281],[136.99294,35.28667],[136.9936,35.28912],[136.99669,35.29361],[136.99979,35.2951],[137.00895,35.29423],[137.01256,35.29469],[137.01336,35.29505],[137.01434,35.29676],[137.01664,35.29818],[137.01983,35.29866]]}},{"type":"Feature","properties":{"layer":"road","cls":"trunk","name":"国道155号"},"geometry":{"type":"LineString","coordinates":[[136.95337,35.29851],[136.97255,35.29786],[136.9769,35.29673],[136.97935,35.29518],[136.98649,35.28845],[136.98735,35.28693],[136.98946,35.28109]]}},{"type":"Feature","properties":{"layer":"road","cls":"secondary","name":"高蔵寺小牧線"},"geometry":{"type":"LineString","coordinates":[[137.02024,35.28464],[137.01456,35.28837],[137.01069,35.28826],[137.00357,35.28927],[137.00161,35.28888],[136.99766,35.28684],[136.98908,35.28393]]}},{"type":"Feature","properties":{"layer":"road","cls":"trunk","name":"春日井各務原線"},"geometry":{"type":"LineString","coordinates":[[136.94014,35.31051],[136.94293,35.31921],[136.94796,35.3274],[136.94934,35.33179],[136.94965,35.3463],[136.9506,35.34983]]}},{"type":"Feature","properties":{"layer":"road","cls":"trunk","name":"春日井各務原線"},"geometry":{"type":"LineString","coordinates":[[136.95624,35.30771],[136.94908,35.30789],[136.94619,35.30936],[136.94176,35.31019]]}},{"type":"Feature","properties":{"layer":"road","cls":"motorway","name":"中央自動車道"},"geometry":{"type":"LineString","coordinates":[[136.98614,35.28106],[136.98415,35.28232]]}},{"type":"Feature","properties":{"layer":"road","cls":"motorway","name":"中央自動車道"},"geometry":{"type":"LineString","coordinates":[[136.98394,35.28243],[136.98114,35.28331],[136.97996,35.28409]]}},{"type":"Feature","properties":{"layer":"road","cls":"motorway","name":"中央自動車道"},"geometry":{"type":"LineString","coordinates":[[136.97996,35.28409],[136.97947,35.28519],[136.97963,35.28631]]}},{"type":"Feature","properties":{"layer":"road","cls":"motorway","name":"東名高速道路"},"geometry":{"type":"LineString","coordinates":[[136.97239,35.28631],[136.97815,35.28503]]}},{"type":"Feature","properties":{"layer":"road","cls":"motorway","name":"東名高速道路"},"geometry":{"type":"LineString","coordinates":[[136.96876,35.28752],[136.96804,35.28784]]}},{"type":"Feature","properties":{"layer":"road","cls":"secondary","name":"小牧春日井線"},"geometry":{"type":"LineString","coordinates":[[136.93632,35.28398],[136.9413,35.28335]]}},{"type":"Feature","properties":{"layer":"road","cls":"trunk","name":"春日井各務原線"},"geometry":{"type":"LineString","coordinates":[[136.96048,35.30841],[136.96084,35.30758]]}},{"type":"Feature","properties":{"layer":"road","cls":"secondary","name":"県道明知小牧線"},"geometry":{"type":"LineString","coordinates":[[137.00861,35.31605],[137.0096,35.31669],[137.01274,35.31743],[137.01453,35.31887],[137.01709,35.31938],[137.01804,35.31992],[137.01904,35.32114],[137.01973,35.32134]]}},{"type":"Feature","properties":{"layer":"road","cls":"secondary","name":"小牧春日井線"},"geometry":{"type":"LineString","coordinates":[[136.94848,35.28168],[136.94863,35.28162]]}},{"type":"Feature","properties":{"layer":"road","cls":"secondary","name":"小牧春日井線"},"geometry":{"type":"LineString","coordinates":[[136.94784,35.28188],[136.94804,35.28183]]}},{"type":"Feature","properties":{"layer":"road","cls":"secondary","name":"小牧春日井線"},"geometry":{"type":"LineString","coordinates":[[136.94804,35.28183],[136.94848,35.28168]]}},{"type":"Feature","properties":{"layer":"road","cls":"secondary","name":"小牧春日井線"},"geometry":{"type":"LineString","coordinates":[[136.94863,35.28162],[136.94906,35.28093],[136.95161,35.28053]]}},{"type":"Feature","properties":{"layer":"road","cls":"trunk","name":"国道155号"},"geometry":{"type":"LineString","coordinates":[[136.98772,35.28536],[136.98694,35.28755],[136.98603,35.28881],[136.97929,35.29511],[136.97677,35.29667],[136.97256,35.29775],[136.96094,35.29819]]}},{"type":"Feature","properties":{"layer":"road","cls":"secondary","name":"小牧春日井線"},"geometry":{"type":"LineString","coordinates":[[136.9413,35.28335],[136.94167,35.28327]]}},{"type":"Feature","properties":{"layer":"road","cls":"secondary","name":"小牧春日井線"},"geometry":{"type":"LineString","coordinates":[[136.94167,35.28327],[136.94784,35.28188]]}},{"type":"Feature","properties":{"layer":"road","cls":"trunk","name":"国道155号"},"geometry":{"type":"LineString","coordinates":[[136.98937,35.28098],[136.98827,35.28368]]}},{"type":"Feature","properties":{"layer":"road","cls":"secondary","name":"県道明治村小牧線"},"geometry":{"type":"LineString","coordinates":[[136.97313,35.29724],[136.97353,35.29664],[136.97424,35.29668],[136.97432,35.29725],[136.97348,35.29764]]}},{"type":"Feature","properties":{"layer":"road","cls":"secondary","name":"県道明治村小牧線"},"geometry":{"type":"LineString","coordinates":[[136.97319,35.29818],[136.97313,35.29724]]}},{"type":"Feature","properties":{"layer":"road","cls":"secondary","name":"県道明治村小牧線"},"geometry":{"type":"LineString","coordinates":[[136.97333,35.29981],[136.97319,35.29818]]}},{"type":"Feature","properties":{"layer":"road","cls":"secondary","name":"県道明治村小牧線"},"geometry":{"type":"LineString","coordinates":[[136.97312,35.29819],[136.97324,35.29983]]}},{"type":"Feature","properties":{"layer":"road","cls":"secondary","name":"県道明治村小牧線"},"geometry":{"type":"LineString","coordinates":[[136.97677,35.29667],[136.97515,35.29711],[136.97371,35.2965],[136.97306,35.29724]]}},{"type":"Feature","properties":{"layer":"road","cls":"secondary","name":"県道明治村小牧線"},"geometry":{"type":"LineString","coordinates":[[136.97306,35.29724],[136.97312,35.29819]]}},{"type":"Feature","properties":{"layer":"road","cls":"trunk","name":"春日井各務原線"},"geometry":{"type":"LineString","coordinates":[[136.95822,35.2985],[136.95812,35.29548],[136.95657,35.29131]]}},{"type":"Feature","properties":{"layer":"road","cls":"secondary","name":"高蔵寺小牧線"},"geometry":{"type":"LineString","coordinates":[[136.96377,35.28442],[136.96885,35.28295],[136.97931,35.2824],[136.98387,35.28234],[136.98827,35.28368]]}},{"type":"Feature","properties":{"layer":"road","cls":"secondary","name":"高蔵寺小牧線"},"geometry":{"type":"LineString","coordinates":[[136.98908,35.28393],[136.98867,35.2838]]}},{"type":"Feature","properties":{"layer":"road","cls":"motorway","name":""},"geometry":{"type":"LineString","coordinates":[[136.98105,35.28839],[136.98042,35.28669],[136.98053,35.28551],[136.98131,35.28439],[136.98287,35.28329]]}},{"type":"Feature","properties":{"layer":"road","cls":"motorway","name":""},"geometry":{"type":"LineString","coordinates":[[136.98105,35.28839],[136.97953,35.28562],[136.97773,35.28473],[136.97588,35.28491],[136.97063,35.28676]]}},{"type":"Feature","properties":{"layer":"road","cls":"secondary","name":"県道明治村小牧線"},"geometry":{"type":"LineString","coordinates":[[136.97324,35.29983],[136.97352,35.30217],[136.97461,35.30377]]}},{"type":"Feature","properties":{"layer":"road","cls":"secondary","name":"県道明治村小牧線"},"geometry":{"type":"LineString","coordinates":[[136.97468,35.30372],[136.97362,35.30216],[136.97333,35.29981]]}},{"type":"Feature","properties":{"layer":"road","cls":"secondary","name":"県道荒井大草線"},"geometry":{"type":"LineString","coordinates":[[136.99175,35.2945],[136.98915,35.29661],[136.98816,35.29932],[136.98533,35.30015],[136.9793,35.30428],[136.97734,35.30654]]}},{"type":"Feature","properties":{"layer":"road","cls":"secondary","name":"県道荒井大草線"},"geometry":{"type":"LineString","coordinates":[[136.96945,35.32225],[136.97373,35.3205],[136.97456,35.31855],[136.97441,35.31749]]}},{"type":"Feature","properties":{"layer":"road","cls":"secondary","name":"県道荒井大草線"},"geometry":{"type":"LineString","coordinates":[[136.97734,35.30654],[136.97937,35.30434],[136.98539,35.30027],[136.98798,35.29959],[136.98852,35.29896],[136.98914,35.29678],[136.99169,35.29466]]}},{"type":"Feature","properties":{"layer":"road","cls":"secondary","name":"県道明治村小牧線"},"geometry":{"type":"LineString","coordinates":[[136.98694,35.3151],[136.98697,35.31],[136.98562,35.3083]]}},{"type":"Feature","properties":{"layer":"road","cls":"trunk","name":"春日井各務原線"},"geometry":{"type":"LineString","coordinates":[[136.94148,35.31025],[136.94176,35.31019]]}},{"type":"Feature","properties":{"layer":"road","cls":"trunk","name":"春日井各務原線"},"geometry":{"type":"LineString","coordinates":[[136.96084,35.30758],[136.9611,35.30734]]}},{"type":"Feature","properties":{"layer":"road","cls":"secondary","name":"県道荒井大草線"},"geometry":{"type":"LineString","coordinates":[[136.97594,35.31142],[136.97583,35.31167]]}},{"type":"Feature","properties":{"layer":"road","cls":"secondary","name":"県道荒井大草線"},"geometry":{"type":"LineString","coordinates":[[136.97594,35.31142],[136.97734,35.30654]]}},{"type":"Feature","properties":{"layer":"road","cls":"secondary","name":"県道荒井大草線"},"geometry":{"type":"LineString","coordinates":[[136.99431,35.2928],[136.99716,35.29113]]}},{"type":"Feature","properties":{"layer":"road","cls":"trunk","name":"春日井各務原線"},"geometry":{"type":"LineString","coordinates":[[136.94148,35.31025],[136.94014,35.31051]]}},{"type":"Feature","properties":{"layer":"road","cls":"trunk","name":"春日井各務原線"},"geometry":{"type":"LineString","coordinates":[[136.96212,35.30384],[136.96137,35.30191],[136.96159,35.30076],[136.96102,35.29831]]}},{"type":"Feature","properties":{"layer":"road","cls":"motorway","name":"中央自動車道"},"geometry":{"type":"LineString","coordinates":[[137.00903,35.30987],[137.00579,35.30889],[137.00183,35.30657],[136.99721,35.30445],[136.99577,35.30304],[136.99349,35.29895],[136.98984,35.29624]]}},{"type":"Feature","properties":{"layer":"road","cls":"secondary","name":"県道明治村小牧線"},"geometry":{"type":"LineString","coordinates":[[136.97333,35.29981],[136.97343,35.29804],[136.97458,35.29753]]}},{"type":"Feature","properties":{"layer":"road","cls":"motorway","name":"中央自動車道"},"geometry":{"type":"LineString","coordinates":[[136.9831,35.29132],[136.98105,35.28839]]}},{"type":"Feature","properties":{"layer":"road","cls":"motorway","name":"中央自動車道"},"geometry":{"type":"LineString","coordinates":[[136.98301,35.2914],[136.9833,35.29173]]}},{"type":"Feature","properties":{"layer":"road","cls":"motorway","name":"中央自動車道"},"geometry":{"type":"LineString","coordinates":[[136.98339,35.29166],[136.9831,35.29132]]}},{"type":"Feature","properties":{"layer":"road","cls":"motorway","name":"中央自動車道"},"geometry":{"type":"LineString","coordinates":[[136.98974,35.29632],[136.99339,35.299],[136.99567,35.30308],[136.99714,35.30452],[137.00179,35.30665],[137.00573,35.30897],[137.00903,35.30996]]}},{"type":"Feature","properties":{"layer":"road","cls":"secondary","name":"高蔵寺小牧線"},"geometry":{"type":"LineString","coordinates":[[136.95773,35.28542],[136.95423,35.28618]]}},{"type":"Feature","properties":{"layer":"road","cls":"secondary","name":"県道荒井大草線"},"geometry":{"type":"LineString","coordinates":[[136.97441,35.31749],[136.97466,35.31453],[136.97583,35.31167]]}},{"type":"Feature","properties":{"layer":"road","cls":"secondary","name":"県道明治村小牧線"},"geometry":{"type":"LineString","coordinates":[[136.98768,35.32173],[136.98872,35.32025],[136.98829,35.31851]]}},{"type":"Feature","properties":{"layer":"road","cls":"secondary","name":"県道荒井大草線"},"geometry":{"type":"LineString","coordinates":[[136.99424,35.29274],[136.99406,35.29283]]}},{"type":"Feature","properties":{"layer":"road","cls":"secondary","name":"県道荒井大草線"},"geometry":{"type":"LineString","coordinates":[[136.99414,35.2929],[136.99431,35.2928]]}},{"type":"Feature","properties":{"layer":"road","cls":"secondary","name":"県道荒井大草線"},"geometry":{"type":"LineString","coordinates":[[136.99716,35.29113],[136.99424,35.29274]]}},{"type":"Feature","properties":{"layer":"road","cls":"secondary","name":"高蔵寺小牧線"},"geometry":{"type":"LineString","coordinates":[[136.96167,35.28477],[136.95831,35.28533]]}},{"type":"Feature","properties":{"layer":"road","cls":"secondary","name":"高蔵寺小牧線"},"geometry":{"type":"LineString","coordinates":[[136.96179,35.28475],[136.96167,35.28477]]}},{"type":"Feature","properties":{"layer":"road","cls":"trunk","name":"国道155号"},"geometry":{"type":"LineString","coordinates":[[136.95302,35.28324],[136.95161,35.28053]]}},{"type":"Feature","properties":{"layer":"road","cls":"trunk","name":"国道155号"},"geometry":{"type":"LineString","coordinates":[[136.95308,35.28337],[136.95302,35.28324]]}},{"type":"Feature","properties":{"layer":"road","cls":"motorway","name":"中央自動車道"},"geometry":{"type":"LineString","coordinates":[[136.98984,35.29624],[136.98954,35.29608]]}},{"type":"Feature","properties":{"layer":"road","cls":"motorway","name":"中央自動車道"},"geometry":{"type":"LineString","coordinates":[[136.98954,35.29608],[136.98597,35.29393],[136.98339,35.29166]]}},{"type":"Feature","properties":{"layer":"road","cls":"motorway","name":"中央自動車道"},"geometry":{"type":"LineString","coordinates":[[136.9833,35.29173],[136.98637,35.29435],[136.98947,35.29616]]}},{"type":"Feature","properties":{"layer":"road","cls":"secondary","name":"県道明治村小牧線"},"geometry":{"type":"LineString","coordinates":[[136.97497,35.30395],[136.97468,35.30372]]}},{"type":"Feature","properties":{"layer":"road","cls":"secondary","name":"県道明治村小牧線"},"geometry":{"type":"LineString","coordinates":[[136.97461,35.30377],[136.97492,35.30401]]}},{"type":"Feature","properties":{"layer":"road","cls":"secondary","name":"県道明治村小牧線"},"geometry":{"type":"LineString","coordinates":[[136.97957,35.30637],[136.97497,35.30395]]}},{"type":"Feature","properties":{"layer":"road","cls":"secondary","name":"県道明治村小牧線"},"geometry":{"type":"LineString","coordinates":[[136.97492,35.30401],[136.97726,35.30531]]}},{"type":"Feature","properties":{"layer":"road","cls":"secondary","name":"県道明知小牧線"},"geometry":{"type":"LineString","coordinates":[[136.98026,35.31461],[136.98021,35.31461]]}},{"type":"Feature","properties":{"layer":"road","cls":"secondary","name":"県道明知小牧線"},"geometry":{"type":"LineString","coordinates":[[136.98021,35.31461],[136.9751,35.31475],[136.97093,35.31286],[136.96918,35.31245],[136.9679,35.31155],[136.9652,35.31126],[136.96282,35.30919],[136.96048,35.30841]]}},{"type":"Feature","properties":{"layer":"road","cls":"trunk","name":"国道155号"},"geometry":{"type":"LineString","coordinates":[[136.94929,35.29894],[136.9497,35.29886]]}},{"type":"Feature","properties":{"layer":"road","cls":"trunk","name":"国道155号"},"geometry":{"type":"LineString","coordinates":[[136.94963,35.29877],[136.94921,35.29887]]}},{"type":"Feature","properties":{"layer":"road","cls":"trunk","name":"国道155号"},"geometry":{"type":"LineString","coordinates":[[136.94921,35.29887],[136.94206,35.30042],[136.93678,35.30062],[136.93271,35.30149],[136.92852,35.30157],[136.9223,35.30258]]}},{"type":"Feature","properties":{"layer":"road","cls":"trunk","name":"国道155号"},"geometry":{"type":"LineString","coordinates":[[136.92234,35.30266],[136.92853,35.30164],[136.93259,35.30158],[136.93679,35.30072],[136.94209,35.30053],[136.94929,35.29894]]}},{"type":"Feature","properties":{"layer":"road","cls":"secondary","name":"高蔵寺小牧線"},"geometry":{"type":"LineString","coordinates":[[136.96377,35.28442],[136.96369,35.28443]]}},{"type":"Feature","properties":{"layer":"road","cls":"secondary","name":"高蔵寺小牧線"},"geometry":{"type":"LineString","coordinates":[[136.96369,35.28443],[136.96179,35.28475]]}},{"type":"Feature","properties":{"layer":"road","cls":"secondary","name":"高蔵寺小牧線"},"geometry":{"type":"LineString","coordinates":[[136.95831,35.28533],[136.95823,35.28535]]}},{"type":"Feature","properties":{"layer":"road","cls":"secondary","name":"高蔵寺小牧線"},"geometry":{"type":"LineString","coordinates":[[136.95823,35.28535],[136.95773,35.28542]]}},{"type":"Feature","properties":{"layer":"road","cls":"motorway","name":"東名高速道路"},"geometry":{"type":"LineString","coordinates":[[136.9845,35.28239],[136.98746,35.2801]]}},{"type":"Feature","properties":{"layer":"road","cls":"motorway","name":"東名高速道路"},"geometry":{"type":"LineString","coordinates":[[136.97877,35.28487],[136.98287,35.28329]]}},{"type":"Feature","properties":{"layer":"road","cls":"motorway","name":"東名高速道路"},"geometry":{"type":"LineString","coordinates":[[136.98736,35.27999],[136.98614,35.28106]]}},{"type":"Feature","properties":{"layer":"road","cls":"motorway","name":"中央自動車道"},"geometry":{"type":"LineString","coordinates":[[136.98947,35.29616],[136.98974,35.29632]]}},{"type":"Feature","properties":{"layer":"road","cls":"motorway","name":"東名高速道路"},"geometry":{"type":"LineString","coordinates":[[136.96136,35.29041],[136.96684,35.28852]]}},{"type":"Feature","properties":{"layer":"road","cls":"motorway","name":"東名高速道路"},"geometry":{"type":"LineString","coordinates":[[136.96684,35.28852],[136.96811,35.28795]]}},{"type":"Feature","properties":{"layer":"road","cls":"motorway","name":"東名高速道路"},"geometry":{"type":"LineString","coordinates":[[136.92342,35.29866],[136.92692,35.29776],[136.93731,35.29612],[136.94302,35.29443]]}},{"type":"Feature","properties":{"layer":"road","cls":"motorway","name":"東名高速道路"},"geometry":{"type":"LineString","coordinates":[[136.95615,35.29105],[136.94866,35.29241]]}},{"type":"Feature","properties":{"layer":"road","cls":"motorway","name":"東名高速道路"},"geometry":{"type":"LineString","coordinates":[[136.94644,35.29322],[136.94851,35.29257]]}},{"type":"Feature","properties":{"layer":"road","cls":"motorway","name":"東名高速道路"},"geometry":{"type":"LineString","coordinates":[[136.95763,35.291],[136.96088,35.2905]]}},{"type":"Feature","properties":{"layer":"road","cls":"motorway","name":"東名高速道路"},"geometry":{"type":"LineString","coordinates":[[136.94636,35.29313],[136.946,35.29326]]}},{"type":"Feature","properties":{"layer":"road","cls":"motorway","name":"東名高速道路"},"geometry":{"type":"LineString","coordinates":[[136.94302,35.29443],[136.94608,35.29335]]}},{"type":"Feature","properties":{"layer":"road","cls":"motorway","name":"東名高速道路"},"geometry":{"type":"LineString","coordinates":[[136.94608,35.29335],[136.94644,35.29322]]}},{"type":"Feature","properties":{"layer":"road","cls":"motorway","name":"東名高速道路"},"geometry":{"type":"LineString","coordinates":[[136.96078,35.29041],[136.95764,35.29087]]}},{"type":"Feature","properties":{"layer":"road","cls":"motorway","name":"東名高速道路"},"geometry":{"type":"LineString","coordinates":[[136.946,35.29326],[136.94302,35.29429]]}},{"type":"Feature","properties":{"layer":"road","cls":"motorway","name":"東名高速道路"},"geometry":{"type":"LineString","coordinates":[[136.94302,35.29429],[136.93635,35.29621],[136.92752,35.29754],[136.92337,35.29855]]}},{"type":"Feature","properties":{"layer":"road","cls":"motorway","name":"東名高速道路"},"geometry":{"type":"LineString","coordinates":[[136.96673,35.28844],[136.96129,35.2903]]}},{"type":"Feature","properties":{"layer":"road","cls":"trunk","name":"国道155号"},"geometry":{"type":"LineString","coordinates":[[136.95423,35.28618],[136.95308,35.28337]]}},{"type":"Feature","properties":{"layer":"road","cls":"trunk","name":"国道155号"},"geometry":{"type":"LineString","coordinates":[[136.95423,35.28618],[136.94224,35.29114],[136.93185,35.29248]]}},{"type":"Feature","properties":{"layer":"road","cls":"trunk","name":"国道155号"},"geometry":{"type":"LineString","coordinates":[[136.96094,35.29819],[136.95307,35.29841]]}},{"type":"Feature","properties":{"layer":"road","cls":"trunk","name":"国道155号"},"geometry":{"type":"LineString","coordinates":[[136.95161,35.28053],[136.95442,35.27966],[136.95622,35.27955]]}},{"type":"Feature","properties":{"layer":"road","cls":"trunk","name":"春日井各務原線"},"geometry":{"type":"LineString","coordinates":[[136.95161,35.28053],[136.9502,35.27783]]}},{"type":"Feature","properties":{"layer":"road","cls":"trunk","name":"春日井各務原線"},"geometry":{"type":"LineString","coordinates":[[136.95621,35.29082],[136.95518,35.28919],[136.95423,35.28618]]}},{"type":"Feature","properties":{"layer":"road","cls":"motorway","name":"東名高速道路"},"geometry":{"type":"LineString","coordinates":[[136.98835,35.27899],[136.98736,35.27999]]}},{"type":"Feature","properties":{"layer":"road","cls":"motorway","name":"東名高速道路"},"geometry":{"type":"LineString","coordinates":[[136.98746,35.2801],[136.98843,35.27913]]}},{"type":"Feature","properties":{"layer":"road","cls":"motorway","name":"中央自動車道"},"geometry":{"type":"LineString","coordinates":[[136.97963,35.28631],[136.98093,35.28862]]}},{"type":"Feature","properties":{"layer":"road","cls":"motorway","name":"東名高速道路"},"geometry":{"type":"LineString","coordinates":[[136.9786,35.2848],[136.97794,35.28498]]}},{"type":"Feature","properties":{"layer":"road","cls":"motorway","name":"東名高速道路"},"geometry":{"type":"LineString","coordinates":[[136.97815,35.28503],[136.97877,35.28487]]}},{"type":"Feature","properties":{"layer":"road","cls":"motorway","name":"東名高速道路"},"geometry":{"type":"LineString","coordinates":[[136.97794,35.28498],[136.97063,35.28676]]}},{"type":"Feature","properties":{"layer":"road","cls":"motorway","name":"東名高速道路"},"geometry":{"type":"LineString","coordinates":[[136.96811,35.28795],[136.97121,35.28668]]}},{"type":"Feature","properties":{"layer":"road","cls":"motorway","name":"東名高速道路"},"geometry":{"type":"LineString","coordinates":[[136.96804,35.28784],[136.96673,35.28844]]}},{"type":"Feature","properties":{"layer":"road","cls":"secondary","name":"県道明治村小牧線"},"geometry":{"type":"LineString","coordinates":[[136.97119,35.29792],[136.97287,35.29812],[136.97324,35.29983]]}},{"type":"Feature","properties":{"layer":"road","cls":"secondary","name":"県道荒井大草線"},"geometry":{"type":"LineString","coordinates":[[136.99716,35.29113],[136.99823,35.29067],[137.00045,35.29048],[137.00357,35.28927]]}},{"type":"Feature","properties":{"layer":"road","cls":"trunk","name":"春日井各務原線"},"geometry":{"type":"LineString","coordinates":[[136.95657,35.29131],[136.95621,35.29082]]}},{"type":"Feature","properties":{"layer":"road","cls":"motorway","name":"東名高速道路"},"geometry":{"type":"LineString","coordinates":[[136.94851,35.29257],[136.94871,35.29251]]}},{"type":"Feature","properties":{"layer":"road","cls":"motorway","name":"東名高速道路"},"geometry":{"type":"LineString","coordinates":[[136.94871,35.29251],[136.95618,35.29115]]}},{"type":"Feature","properties":{"layer":"road","cls":"motorway","name":"東名高速道路"},"geometry":{"type":"LineString","coordinates":[[136.94845,35.29247],[136.94636,35.29313]]}},{"type":"Feature","properties":{"layer":"road","cls":"motorway","name":"東名高速道路"},"geometry":{"type":"LineString","coordinates":[[136.94866,35.29241],[136.94845,35.29247]]}},{"type":"Feature","properties":{"layer":"road","cls":"motorway","name":"東名高速道路"},"geometry":{"type":"LineString","coordinates":[[136.97063,35.28676],[136.96876,35.28752]]}},{"type":"Feature","properties":{"layer":"road","cls":"motorway","name":"東名高速道路"},"geometry":{"type":"LineString","coordinates":[[136.98411,35.28246],[136.9786,35.2848]]}},{"type":"Feature","properties":{"layer":"road","cls":"secondary","name":"県道明知小牧線"},"geometry":{"type":"LineString","coordinates":[[137.0007,35.31572],[136.99138,35.31411],[136.98696,35.31439]]}},{"type":"Feature","properties":{"layer":"road","cls":"secondary","name":"県道明知小牧線"},"geometry":{"type":"LineString","coordinates":[[137.00084,35.3157],[137.0007,35.31572]]}},{"type":"Feature","properties":{"layer":"road","cls":"secondary","name":"県道明知小牧線"},"geometry":{"type":"LineString","coordinates":[[137.00861,35.31605],[137.00502,35.31541],[137.00084,35.3157]]}},{"type":"Feature","properties":{"layer":"road","cls":"trunk","name":"春日井各務原線"},"geometry":{"type":"LineString","coordinates":[[136.9611,35.30734],[136.96226,35.30594],[136.96213,35.30391]]}},{"type":"Feature","properties":{"layer":"road","cls":"trunk","name":"春日井各務原線"},"geometry":{"type":"LineString","coordinates":[[136.96213,35.30391],[136.96212,35.30384]]}},{"type":"Feature","properties":{"layer":"road","cls":"motorway","name":"東名高速道路"},"geometry":{"type":"LineString","coordinates":[[136.95618,35.29115],[136.95763,35.291]]}},{"type":"Feature","properties":{"layer":"road","cls":"motorway","name":"東名高速道路"},"geometry":{"type":"LineString","coordinates":[[136.95764,35.29087],[136.95615,35.29105]]}},{"type":"Feature","properties":{"layer":"road","cls":"motorway","name":"東名高速道路"},"geometry":{"type":"LineString","coordinates":[[136.96088,35.2905],[136.96136,35.29041]]}},{"type":"Feature","properties":{"layer":"road","cls":"motorway","name":"東名高速道路"},"geometry":{"type":"LineString","coordinates":[[136.96129,35.2903],[136.96078,35.29041]]}},{"type":"Feature","properties":{"layer":"road","cls":"motorway","name":"中央自動車道"},"geometry":{"type":"LineString","coordinates":[[136.98415,35.28232],[136.98394,35.28243]]}},{"type":"Feature","properties":{"layer":"road","cls":"motorway","name":"東名高速道路"},"geometry":{"type":"LineString","coordinates":[[136.98614,35.28106],[136.98429,35.28234]]}},{"type":"Feature","properties":{"layer":"road","cls":"motorway","name":"東名高速道路"},"geometry":{"type":"LineString","coordinates":[[136.98429,35.28234],[136.98411,35.28246]]}},{"type":"Feature","properties":{"layer":"road","cls":"motorway","name":"東名高速道路"},"geometry":{"type":"LineString","coordinates":[[136.98287,35.28329],[136.98432,35.2825]]}},{"type":"Feature","properties":{"layer":"road","cls":"motorway","name":"東名高速道路"},"geometry":{"type":"LineString","coordinates":[[136.98432,35.2825],[136.9845,35.28239]]}},{"type":"Feature","properties":{"layer":"road","cls":"secondary","name":"県道明知小牧線"},"geometry":{"type":"LineString","coordinates":[[137.01164,35.31622],[137.01065,35.31593],[137.00861,35.31605]]}},{"type":"Feature","properties":{"layer":"road","cls":"secondary","name":"県道明治村小牧線"},"geometry":{"type":"LineString","coordinates":[[136.97726,35.30531],[136.97957,35.30637]]}},{"type":"Feature","properties":{"layer":"road","cls":"secondary","name":"県道荒井大草線"},"geometry":{"type":"LineString","coordinates":[[136.99406,35.29283],[136.99175,35.2945]]}},{"type":"Feature","properties":{"layer":"road","cls":"secondary","name":"県道荒井大草線"},"geometry":{"type":"LineString","coordinates":[[136.99169,35.29466],[136.99414,35.2929]]}},{"type":"Feature","properties":{"layer":"road","cls":"secondary","name":"県道明治村小牧線"},"geometry":{"type":"LineString","coordinates":[[136.98553,35.30826],[136.9818,35.30736],[136.97957,35.30637]]}},{"type":"Feature","properties":{"layer":"road","cls":"secondary","name":"県道明治村小牧線"},"geometry":{"type":"LineString","coordinates":[[136.98562,35.3083],[136.98553,35.30826]]}},{"type":"Feature","properties":{"layer":"road","cls":"motorway","name":"中央自動車道"},"geometry":{"type":"LineString","coordinates":[[137.00903,35.30996],[137.00925,35.31]]}},{"type":"Feature","properties":{"layer":"road","cls":"motorway","name":"中央自動車道"},"geometry":{"type":"LineString","coordinates":[[137.00925,35.3099],[137.00903,35.30987]]}},{"type":"Feature","properties":{"layer":"road","cls":"motorway","name":"中央自動車道"},"geometry":{"type":"LineString","coordinates":[[137.01015,35.31001],[137.00925,35.3099]]}},{"type":"Feature","properties":{"layer":"road","cls":"motorway","name":"中央自動車道"},"geometry":{"type":"LineString","coordinates":[[137.00925,35.31],[137.01016,35.3101]]}},{"type":"Feature","properties":{"layer":"road","cls":"secondary","name":"県道明治村小牧線"},"geometry":{"type":"LineString","coordinates":[[136.98829,35.31851],[136.98723,35.31693],[136.98694,35.31519]]}},{"type":"Feature","properties":{"layer":"road","cls":"secondary","name":"県道明治村小牧線"},"geometry":{"type":"LineString","coordinates":[[136.98694,35.31519],[136.98694,35.3151]]}},{"type":"Feature","properties":{"layer":"road","cls":"motorway","name":"東名高速道路"},"geometry":{"type":"LineString","coordinates":[[136.97121,35.28668],[136.97239,35.28631]]}},{"type":"Feature","properties":{"layer":"road","cls":"trunk","name":"国道155号"},"geometry":{"type":"LineString","coordinates":[[136.9497,35.29886],[136.95301,35.29851]]}},{"type":"Feature","properties":{"layer":"road","cls":"trunk","name":"国道155号"},"geometry":{"type":"LineString","coordinates":[[136.95301,35.29851],[136.95337,35.29851]]}},{"type":"Feature","properties":{"layer":"road","cls":"trunk","name":"国道155号"},"geometry":{"type":"LineString","coordinates":[[136.95265,35.29842],[136.94963,35.29877]]}},{"type":"Feature","properties":{"layer":"road","cls":"trunk","name":"国道155号"},"geometry":{"type":"LineString","coordinates":[[136.95307,35.29841],[136.95265,35.29842]]}},{"type":"Feature","properties":{"layer":"road","cls":"secondary","name":"県道明知小牧線"},"geometry":{"type":"LineString","coordinates":[[136.98696,35.31439],[136.98026,35.31461]]}},{"type":"Feature","properties":{"layer":"road","cls":"trunk","name":"春日井各務原線"},"geometry":{"type":"LineString","coordinates":[[136.96102,35.29831],[136.96094,35.29819]]}},{"type":"Feature","properties":{"layer":"road","cls":"trunk","name":"春日井各務原線"},"geometry":{"type":"LineString","coordinates":[[136.96048,35.30841],[136.9585,35.30838],[136.95631,35.30773]]}},{"type":"Feature","properties":{"layer":"road","cls":"trunk","name":"春日井各務原線"},"geometry":{"type":"LineString","coordinates":[[136.95631,35.30773],[136.95624,35.30771]]}},{"type":"Feature","properties":{"layer":"road","cls":"secondary","name":"高蔵寺小牧線"},"geometry":{"type":"LineString","coordinates":[[136.98827,35.28368],[136.98867,35.2838]]}},{"type":"Feature","properties":{"layer":"road","cls":"trunk","name":"国道155号"},"geometry":{"type":"LineString","coordinates":[[136.98827,35.28368],[136.98772,35.28536]]}},{"type":"Feature","properties":{"layer":"place","name":"光ヶ丘","approx":false},"geometry":{"type":"Point","coordinates":[136.9907,35.30282]}},{"type":"Feature","properties":{"layer":"place","name":"桃ヶ丘","approx":false},"geometry":{"type":"Point","coordinates":[136.97573,35.29841]}},{"type":"Feature","properties":{"layer":"place","name":"古雅","approx":false},"geometry":{"type":"Point","coordinates":[136.97516,35.30214]}},{"type":"Feature","properties":{"layer":"place","name":"篠岡","approx":false},"geometry":{"type":"Point","coordinates":[136.9854,35.30503]}},{"type":"Feature","properties":{"layer":"place","name":"城山","approx":false},"geometry":{"type":"Point","coordinates":[136.98381,35.29556]}},{"type":"Feature","properties":{"layer":"place","name":"大草","approx":true},"geometry":{"type":"Point","coordinates":[137.00101,35.29382]}},{"type":"Feature","properties":{"layer":"place","name":"野口","approx":true},"geometry":{"type":"Point","coordinates":[136.99147,35.3131]}},{"type":"Feature","properties":{"layer":"place","name":"大山","approx":true},"geometry":{"type":"Point","coordinates":[137.00725,35.31526]}},{"type":"Feature","properties":{"layer":"place","name":"林","approx":true},"geometry":{"type":"Point","coordinates":[136.97956,35.31431]}},{"type":"Feature","properties":{"layer":"place","name":"池之内","approx":true},"geometry":{"type":"Point","coordinates":[136.97624,35.31543]}},{"type":"Feature","properties":{"layer":"place","name":"上末","approx":false},"geometry":{"type":"Point","coordinates":[136.9634,35.29483]}},{"type":"Feature","properties":{"layer":"place","name":"下末","approx":false},"geometry":{"type":"Point","coordinates":[136.95718,35.28801]}},{"type":"Feature","properties":{"layer":"place","name":"高根","approx":false},"geometry":{"type":"Point","coordinates":[136.976,35.28933]}},{"type":"Feature","properties":{"layer":"facility","cat":"facility","name":"中部管区警察学校"},"geometry":{"type":"Point","coordinates":[136.96208,35.28723]}},{"type":"Feature","properties":{"layer":"facility","cat":"facility","name":"名古屋経済大学"},"geometry":{"type":"Point","coordinates":[136.95705,35.31856]}},{"type":"Feature","properties":{"layer":"facility","cat":"facility","name":"名古屋造形大学（造形芸術学部）跡"},"geometry":{"type":"Point","coordinates":[137.0041,35.29748]}},{"type":"Feature","properties":{"layer":"facility","cat":"facility","name":"図書館"},"geometry":{"type":"Point","coordinates":[136.95461,35.31783]}},{"type":"Feature","properties":{"layer":"facility","cat":"facility","name":"大草簡易郵便局"},"geometry":{"type":"Point","coordinates":[136.98023,35.29177]}},{"type":"Feature","properties":{"layer":"facility","cat":"facility","name":"小牧古雅郵便局"},"geometry":{"type":"Point","coordinates":[136.9759,35.30224]}},{"type":"Feature","properties":{"layer":"facility","cat":"facility","name":"小牧大城郵便局"},"geometry":{"type":"Point","coordinates":[136.9894,35.29484]}},{"type":"Feature","properties":{"layer":"facility","cat":"facility","name":"小牧市東部市民センター図書室"},"geometry":{"type":"Point","coordinates":[136.98234,35.30276]}},{"type":"Feature","properties":{"layer":"facility","cat":"facility","name":"小牧市消防署東支署"},"geometry":{"type":"Point","coordinates":[136.98089,35.30374]}},{"type":"Feature","properties":{"layer":"facility","cat":"facility","name":"小牧桃花台郵便局"},"geometry":{"type":"Point","coordinates":[136.98342,35.30073]}},{"type":"Feature","properties":{"layer":"facility","cat":"facility","name":"小牧池之内郵便局"},"geometry":{"type":"Point","coordinates":[136.976,35.31457]}},{"type":"Feature","properties":{"layer":"facility","cat":"facility","name":"小牧警察署東田中交番"},"geometry":{"type":"Point","coordinates":[136.94567,35.30152]}},{"type":"Feature","properties":{"layer":"facility","cat":"facility","name":"小牧警察署桃花台交番"},"geometry":{"type":"Point","coordinates":[136.98413,35.29952]}},{"type":"Feature","properties":{"layer":"facility","cat":"facility","name":"市民四季の森"},"geometry":{"type":"Point","coordinates":[137.00497,35.31131]}},{"type":"Feature","properties":{"layer":"facility","cat":"facility","name":"愛知文教大学（国際文化学部）"},"geometry":{"type":"Point","coordinates":[137.00737,35.29998]}},{"type":"Feature","properties":{"layer":"facility","cat":"facility","name":"春日井東山簡易郵便局"},"geometry":{"type":"Point","coordinates":[136.99921,35.2808]}},{"type":"Feature","properties":{"layer":"facility","cat":"facility","name":"桃花台中央公園"},"geometry":{"type":"Point","coordinates":[136.9869,35.29785]}},{"type":"Feature","properties":{"layer":"facility","cat":"facility","name":"造形大学前簡易郵便局"},"geometry":{"type":"Point","coordinates":[137.00095,35.29687]}},{"type":"Feature","properties":{"layer":"facility","cat":"kinder","name":"あおぞら幼稚園"},"geometry":{"type":"Point","coordinates":[136.97678,35.29847]}},{"type":"Feature","properties":{"layer":"facility","cat":"kinder","name":"ナザレ幼稚園"},"geometry":{"type":"Point","coordinates":[136.96501,35.28066]}},{"type":"Feature","properties":{"layer":"facility","cat":"kinder","name":"太陽幼稚園"},"geometry":{"type":"Point","coordinates":[136.98573,35.28858]}},{"type":"Feature","properties":{"layer":"facility","cat":"kinder","name":"小牧市立古雅保育園"},"geometry":{"type":"Point","coordinates":[136.97711,35.30187]}},{"type":"Feature","properties":{"layer":"facility","cat":"kinder","name":"小牧市立大城保育園"},"geometry":{"type":"Point","coordinates":[136.98854,35.29468]}},{"type":"Feature","properties":{"layer":"facility","cat":"kinder","name":"小牧市立篠岡保育園"},"geometry":{"type":"Point","coordinates":[136.98177,35.30774]}},{"type":"Feature","properties":{"layer":"facility","cat":"kinder","name":"小牧市立陶保育園"},"geometry":{"type":"Point","coordinates":[136.96048,35.29257]}},{"type":"Feature","properties":{"layer":"facility","cat":"kinder","name":"旭ケ丘第二幼稚園"},"geometry":{"type":"Point","coordinates":[136.99388,35.30306]}},{"type":"Feature","properties":{"layer":"facility","cat":"kinder","name":"桃の花幼稚園"},"geometry":{"type":"Point","coordinates":[136.96706,35.28441]}},{"type":"Feature","properties":{"layer":"facility","cat":"kinder","name":"桃花台ひまわり幼稚園"},"geometry":{"type":"Point","coordinates":[136.98523,35.30295]}},{"type":"Feature","properties":{"layer":"facility","cat":"kinder","name":"篠岡児童館"},"geometry":{"type":"Point","coordinates":[136.98121,35.30417]}},{"type":"Feature","properties":{"layer":"facility","cat":"school","name":"光ヶ丘中学校"},"geometry":{"type":"Point","coordinates":[136.99394,35.30182]}},{"type":"Feature","properties":{"layer":"facility","cat":"school","name":"光ヶ丘小学校"},"geometry":{"type":"Point","coordinates":[136.99248,35.30317]}},{"type":"Feature","properties":{"layer":"facility","cat":"school","name":"大城小学校"},"geometry":{"type":"Point","coordinates":[136.98944,35.2934]}},{"type":"Feature","properties":{"layer":"facility","cat":"school","name":"桃ヶ丘小学校"},"geometry":{"type":"Point","coordinates":[136.97746,35.29784]}},{"type":"Feature","properties":{"layer":"facility","cat":"school","name":"桃陵中学校"},"geometry":{"type":"Point","coordinates":[136.97911,35.29678]}},{"type":"Feature","properties":{"layer":"facility","cat":"school","name":"篠岡中学校"},"geometry":{"type":"Point","coordinates":[136.9824,35.30548]}},{"type":"Feature","properties":{"layer":"facility","cat":"school","name":"篠岡小学校"},"geometry":{"type":"Point","coordinates":[136.98256,35.30394]}},{"type":"Feature","properties":{"layer":"facility","cat":"school","name":"陶小学校"},"geometry":{"type":"Point","coordinates":[136.96485,35.29378]}},{"type":"Feature","properties":{"layer":"facility","cat":"shop","name":"ドン・キホーテUNY"},"geometry":{"type":"Point","coordinates":[136.98258,35.30121]}},{"type":"Feature","properties":{"layer":"facility","cat":"shop","name":"ナフコ不二屋"},"geometry":{"type":"Point","coordinates":[136.98014,35.29186]}},{"type":"Feature","properties":{"layer":"facility","cat":"shop","name":"ピアーレ（桃花台センター）"},"geometry":{"type":"Point","coordinates":[136.98288,35.30089]}},{"type":"Feature","properties":{"layer":"facility","cat":"shop","name":"西友"},"geometry":{"type":"Point","coordinates":[136.94229,35.30951]}},{"type":"Feature","properties":{"layer":"facility","cat":"conveni","name":"セブン-イレブン"},"geometry":{"type":"Point","coordinates":[136.97251,35.29167]}},{"type":"Feature","properties":{"layer":"facility","cat":"conveni","name":"セブン-イレブン"},"geometry":{"type":"Point","coordinates":[136.99558,35.29278]}},{"type":"Feature","properties":{"layer":"facility","cat":"conveni","name":"セブン-イレブン"},"geometry":{"type":"Point","coordinates":[136.9438,35.29791]}},{"type":"Feature","properties":{"layer":"facility","cat":"conveni","name":"セブン-イレブン"},"geometry":{"type":"Point","coordinates":[136.95893,35.30861]}},{"type":"Feature","properties":{"layer":"facility","cat":"conveni","name":"ファミリーマート"},"geometry":{"type":"Point","coordinates":[136.98766,35.28377]}},{"type":"Feature","properties":{"layer":"facility","cat":"conveni","name":"ファミリーマート"},"geometry":{"type":"Point","coordinates":[136.99566,35.29168]}},{"type":"Feature","properties":{"layer":"facility","cat":"conveni","name":"ファミリーマート"},"geometry":{"type":"Point","coordinates":[136.97398,35.29231]}},{"type":"Feature","properties":{"layer":"facility","cat":"conveni","name":"ファミリーマート"},"geometry":{"type":"Point","coordinates":[136.98399,35.29898]}},{"type":"Feature","properties":{"layer":"facility","cat":"conveni","name":"ファミリーマート"},"geometry":{"type":"Point","coordinates":[136.97743,35.30723]}},{"type":"Feature","properties":{"layer":"facility","cat":"conveni","name":"ファミリーマート"},"geometry":{"type":"Point","coordinates":[136.94926,35.30811]}},{"type":"Feature","properties":{"layer":"facility","cat":"conveni","name":"ファミリーマート"},"geometry":{"type":"Point","coordinates":[136.96415,35.30997]}},{"type":"Feature","properties":{"layer":"facility","cat":"conveni","name":"ローソン"},"geometry":{"type":"Point","coordinates":[136.9924,35.28471]}},{"type":"Feature","properties":{"layer":"facility","cat":"conveni","name":"ローソン"},"geometry":{"type":"Point","coordinates":[136.943,35.2912]}},{"type":"Feature","properties":{"layer":"facility","cat":"conveni","name":"ローソン"},"geometry":{"type":"Point","coordinates":[136.97842,35.30628]}},{"type":"Feature","properties":{"layer":"facility","cat":"conveni","name":"ローソン"},"geometry":{"type":"Point","coordinates":[136.96236,35.30649]}},{"type":"Feature","properties":{"layer":"facility","cat":"conveni","name":"ローソン"},"geometry":{"type":"Point","coordinates":[136.94277,35.31031]}},{"type":"Feature","properties":{"layer":"facility","cat":"facility","name":"大垣共立銀行 田県支店"},"geometry":{"type":"Point","coordinates":[136.94334,35.31846]}},{"type":"Feature","properties":{"layer":"facility","cat":"worship","name":"三明神社"},"geometry":{"type":"Point","coordinates":[136.95171,35.31779]}},{"type":"Feature","properties":{"layer":"facility","cat":"worship","name":"八所社・熊野社合殿"},"geometry":{"type":"Point","coordinates":[136.94785,35.3111]}},{"type":"Feature","properties":{"layer":"facility","cat":"worship","name":"大久佐八幡宮"},"geometry":{"type":"Point","coordinates":[136.99701,35.29353]}},{"type":"Feature","properties":{"layer":"facility","cat":"worship","name":"小松寺"},"geometry":{"type":"Point","coordinates":[136.9472,35.31123]}},{"type":"Feature","properties":{"layer":"facility","cat":"worship","name":"文津おちょぼ稲荷"},"geometry":{"type":"Point","coordinates":[136.94773,35.30601]}},{"type":"Feature","properties":{"layer":"facility","cat":"worship","name":"田縣神社"},"geometry":{"type":"Point","coordinates":[136.94134,35.31572]}},{"type":"Feature","properties":{"layer":"facility","cat":"worship","name":"養善寺"},"geometry":{"type":"Point","coordinates":[136.95104,35.31628]}},{"type":"Feature","properties":{"layer":"facility","cat":"park","name":"つつじヶ丘北公園"},"geometry":{"type":"Point","coordinates":[136.95221,35.31619]}},{"type":"Feature","properties":{"layer":"facility","cat":"park","name":"ガーデンヒルズ本庄第1公園"},"geometry":{"type":"Point","coordinates":[136.95475,35.31316]}},{"type":"Feature","properties":{"layer":"facility","cat":"park","name":"ガーデンヒルズ本庄第2公園"},"geometry":{"type":"Point","coordinates":[136.95588,35.31477]}},{"type":"Feature","properties":{"layer":"facility","cat":"park","name":"フレッシュパーク"},"geometry":{"type":"Point","coordinates":[136.95598,35.30128]}},{"type":"Feature","properties":{"layer":"facility","cat":"park","name":"七つ池公園"},"geometry":{"type":"Point","coordinates":[136.94827,35.31248]}},{"type":"Feature","properties":{"layer":"facility","cat":"park","name":"中田公園"},"geometry":{"type":"Point","coordinates":[136.94346,35.3104]}},{"type":"Feature","properties":{"layer":"facility","cat":"park","name":"光ヶ丘第1公園"},"geometry":{"type":"Point","coordinates":[136.98808,35.30132]}},{"type":"Feature","properties":{"layer":"facility","cat":"park","name":"光ヶ丘第2公園"},"geometry":{"type":"Point","coordinates":[136.98977,35.30308]}},{"type":"Feature","properties":{"layer":"facility","cat":"park","name":"光ヶ丘第3公園"},"geometry":{"type":"Point","coordinates":[136.99406,35.30348]}},{"type":"Feature","properties":{"layer":"facility","cat":"park","name":"光ヶ丘第4公園"},"geometry":{"type":"Point","coordinates":[136.99547,35.3018]}},{"type":"Feature","properties":{"layer":"facility","cat":"park","name":"光ヶ丘第5公園"},"geometry":{"type":"Point","coordinates":[136.99466,35.29918]}},{"type":"Feature","properties":{"layer":"facility","cat":"park","name":"光ヶ丘第6公園"},"geometry":{"type":"Point","coordinates":[136.99281,35.29686]}},{"type":"Feature","properties":{"layer":"facility","cat":"park","name":"北前公園"},"geometry":{"type":"Point","coordinates":[136.95024,35.30461]}},{"type":"Feature","properties":{"layer":"facility","cat":"park","name":"北山児童遊園"},"geometry":{"type":"Point","coordinates":[136.96896,35.28414]}},{"type":"Feature","properties":{"layer":"facility","cat":"park","name":"古雅第1公園"},"geometry":{"type":"Point","coordinates":[136.98019,35.30147]}},{"type":"Feature","properties":{"layer":"facility","cat":"park","name":"古雅第2公園"},"geometry":{"type":"Point","coordinates":[136.97654,35.30228]}},{"type":"Feature","properties":{"layer":"facility","cat":"park","name":"古雅第3公園"},"geometry":{"type":"Point","coordinates":[136.97435,35.30475]}},{"type":"Feature","properties":{"layer":"facility","cat":"park","name":"城山第1公園"},"geometry":{"type":"Point","coordinates":[136.98373,35.29599]}},{"type":"Feature","properties":{"layer":"facility","cat":"park","name":"城山第3公園"},"geometry":{"type":"Point","coordinates":[136.98885,35.29437]}},{"type":"Feature","properties":{"layer":"facility","cat":"park","name":"城山第4公園"},"geometry":{"type":"Point","coordinates":[136.9859,35.29066]}},{"type":"Feature","properties":{"layer":"facility","cat":"park","name":"城山第5公園"},"geometry":{"type":"Point","coordinates":[136.98234,35.29543]}},{"type":"Feature","properties":{"layer":"facility","cat":"park","name":"城山第6公園"},"geometry":{"type":"Point","coordinates":[136.98151,35.292]}},{"type":"Feature","properties":{"layer":"facility","cat":"park","name":"城山第7公園"},"geometry":{"type":"Point","coordinates":[136.98334,35.29081]}},{"type":"Feature","properties":{"layer":"facility","cat":"park","name":"大山児童遊園"},"geometry":{"type":"Point","coordinates":[137.00528,35.31668]}},{"type":"Feature","properties":{"layer":"facility","cat":"park","name":"庄司山児童遊園"},"geometry":{"type":"Point","coordinates":[136.96012,35.28046]}},{"type":"Feature","properties":{"layer":"facility","cat":"park","name":"本庄児童遊園"},"geometry":{"type":"Point","coordinates":[136.95642,35.31143]}},{"type":"Feature","properties":{"layer":"facility","cat":"park","name":"桃ヶ丘第1公園"},"geometry":{"type":"Point","coordinates":[136.98128,35.29971]}},{"type":"Feature","properties":{"layer":"facility","cat":"park","name":"桃ヶ丘第2公園"},"geometry":{"type":"Point","coordinates":[136.97864,35.29524]}},{"type":"Feature","properties":{"layer":"facility","cat":"park","name":"桃ヶ丘第3公園"},"geometry":{"type":"Point","coordinates":[136.97574,35.29677]}},{"type":"Feature","properties":{"layer":"facility","cat":"park","name":"桃ヶ丘第4公園"},"geometry":{"type":"Point","coordinates":[136.97451,35.29868]}},{"type":"Feature","properties":{"layer":"facility","cat":"park","name":"桃花台中央公園"},"geometry":{"type":"Point","coordinates":[136.9869,35.29785]}},{"type":"Feature","properties":{"layer":"facility","cat":"park","name":"桃花台第1公園"},"geometry":{"type":"Point","coordinates":[136.98566,35.29245]}},{"type":"Feature","properties":{"layer":"facility","cat":"park","name":"桃花台第2公園"},"geometry":{"type":"Point","coordinates":[136.9785,35.29933]}},{"type":"Feature","properties":{"layer":"facility","cat":"park","name":"桃花台第3公園"},"geometry":{"type":"Point","coordinates":[136.98591,35.30469]}},{"type":"Feature","properties":{"layer":"facility","cat":"park","name":"桃花台第4公園"},"geometry":{"type":"Point","coordinates":[136.99279,35.29981]}},{"type":"Feature","properties":{"layer":"facility","cat":"park","name":"桃花台西公園"},"geometry":{"type":"Point","coordinates":[136.97837,35.30388]}},{"type":"Feature","properties":{"layer":"facility","cat":"park","name":"水屋前公園"},"geometry":{"type":"Point","coordinates":[136.9441,35.31332]}},{"type":"Feature","properties":{"layer":"facility","cat":"park","name":"法花寺公園"},"geometry":{"type":"Point","coordinates":[136.9523,35.31274]}},{"type":"Feature","properties":{"layer":"facility","cat":"park","name":"田県公園"},"geometry":{"type":"Point","coordinates":[136.94292,35.31654]}},{"type":"Feature","properties":{"layer":"facility","cat":"park","name":"篠岡第1公園"},"geometry":{"type":"Point","coordinates":[136.9849,35.30255]}},{"type":"Feature","properties":{"layer":"facility","cat":"park","name":"篠岡第2公園"},"geometry":{"type":"Point","coordinates":[136.98281,35.30648]}},{"type":"Feature","properties":{"layer":"facility","cat":"park","name":"篠岡第3公園"},"geometry":{"type":"Point","coordinates":[136.98613,35.30564]}},{"type":"Feature","properties":{"layer":"facility","cat":"park","name":"辻ノ内公園"},"geometry":{"type":"Point","coordinates":[136.94194,35.30906]}},{"type":"Feature","properties":{"layer":"facility","cat":"park","name":"野口児童遊園"},"geometry":{"type":"Point","coordinates":[136.99177,35.31879]}},{"type":"Feature","properties":{"layer":"facility","cat":"park","name":"高根児童遊園"},"geometry":{"type":"Point","coordinates":[136.97389,35.2882]}},{"type":"Feature","properties":{"layer":"road","cls":"local","name":""},"geometry":{"type":"LineString","coordinates":[[136.992382,35.308543],[136.991318,35.30741],[136.990376,35.305565],[136.97934,35.29533]]}},{"type":"Feature","properties":{"layer":"road","cls":"local","name":""},"geometry":{"type":"LineString","coordinates":[[136.97934,35.29533],[136.979082,35.295088]]}},{"type":"Feature","properties":{"layer":"road","cls":"local","name":""},"geometry":{"type":"LineString","coordinates":[[136.979082,35.295088],[136.977862,35.294085],[136.971946,35.290928],[136.971427,35.290416],[136.970945,35.289699],[136.970626,35.288683],[136.970889,35.286893]]}},{"type":"Feature","properties":{"layer":"road","cls":"local","name":""},"geometry":{"type":"LineString","coordinates":[[136.980178,35.303819],[136.978623,35.302443]]}},{"type":"Feature","properties":{"layer":"road","cls":"local","name":""},"geometry":{"type":"LineString","coordinates":[[136.981525,35.297362],[136.982916,35.296356],[136.98344,35.296197],[136.985102,35.296246],[136.985517,35.296454],[136.985822,35.2969],[136.98582,35.297828],[136.985542,35.298268],[136.979029,35.302805]]}},{"type":"Feature","properties":{"layer":"road","cls":"local","name":""},"geometry":{"type":"LineString","coordinates":[[136.967393,35.298017],[136.967634,35.294814],[136.96827,35.29369],[136.968369,35.293015],[136.967969,35.291919],[136.966987,35.290796],[136.966581,35.290765],[136.964392,35.291328],[136.962973,35.291365],[136.959481,35.292013],[136.957405,35.293364],[136.954623,35.293997]]}},{"type":"Feature","properties":{"layer":"road","cls":"local","name":""},"geometry":{"type":"LineString","coordinates":[[136.976113,35.289856],[136.973169,35.291146],[136.970563,35.29191],[136.969304,35.29258],[136.967701,35.292953],[136.966905,35.293396],[136.966173,35.293468],[136.965401,35.29454]]}},{"type":"Feature","properties":{"layer":"road","cls":"local","name":""},"geometry":{"type":"LineString","coordinates":[[136.988832,35.291207],[136.988225,35.291787],[136.987625,35.291972],[136.985109,35.291301],[136.984499,35.291386],[136.98379,35.291766]]}},{"type":"Feature","properties":{"layer":"road","cls":"local","name":""},"geometry":{"type":"LineString","coordinates":[[136.981172,35.293963],[136.982924,35.295075],[136.985584,35.29509],[136.986219,35.294727]]}},{"type":"Feature","properties":{"layer":"road","cls":"local","name":""},"geometry":{"type":"LineString","coordinates":[[136.982341,35.298102],[136.979258,35.300224],[136.977526,35.299928],[136.975132,35.300057]]}},{"type":"Feature","properties":{"layer":"road","cls":"local","name":""},"geometry":{"type":"LineString","coordinates":[[136.985196,35.289603],[136.988095,35.290903],[136.990194,35.292135],[136.990596,35.292812],[136.990544,35.294444],[136.991252,35.295013]]}},{"type":"Feature","properties":{"layer":"road","cls":"local","name":""},"geometry":{"type":"LineString","coordinates":[[136.995472,35.302313],[136.997564,35.300734],[136.997689,35.299866],[136.997526,35.299356],[136.996719,35.298536],[136.995289,35.297979],[136.994515,35.296625],[136.991188,35.294926]]}},{"type":"Feature","properties":{"layer":"road","cls":"local","name":""},"geometry":{"type":"LineString","coordinates":[[136.986835,35.294109],[136.987199,35.293561],[136.98658,35.292506],[136.986802,35.291838]]}},{"type":"Feature","properties":{"layer":"road","cls":"local","name":""},"geometry":{"type":"LineString","coordinates":[[136.992536,35.29869],[136.993238,35.298193]]}},{"type":"Feature","properties":{"layer":"road","cls":"local","name":""},"geometry":{"type":"LineString","coordinates":[[136.995201,35.302513],[136.995472,35.302313]]}},{"type":"Feature","properties":{"layer":"road","cls":"local","name":""},"geometry":{"type":"LineString","coordinates":[[136.987044,35.302466],[136.988961,35.301243],[136.992472,35.301238],[136.992896,35.301461],[136.993113,35.302596],[136.993902,35.303424]]}},{"type":"Feature","properties":{"layer":"road","cls":"local","name":""},"geometry":{"type":"LineString","coordinates":[[136.986219,35.294727],[136.986835,35.294109]]}},{"type":"Feature","properties":{"layer":"road","cls":"local","name":""},"geometry":{"type":"LineString","coordinates":[[136.991188,35.294926],[136.990645,35.294429],[136.990709,35.292883],[136.990269,35.292084],[136.988111,35.290806],[136.985265,35.289537]]}},{"type":"Feature","properties":{"layer":"road","cls":"local","name":""},"geometry":{"type":"LineString","coordinates":[[136.983321,35.292068],[136.97951,35.29548],[136.977995,35.296467],[136.975515,35.29763],[136.975014,35.298471],[136.97514,35.300265],[136.974976,35.300731],[136.97423,35.301241],[136.973019,35.301304]]}},{"type":"Feature","properties":{"layer":"road","cls":"local","name":""},"geometry":{"type":"LineString","coordinates":[[136.993238,35.298193],[136.994155,35.29759],[136.994975,35.297415]]}},{"type":"Feature","properties":{"layer":"road","cls":"local","name":""},"geometry":{"type":"LineString","coordinates":[[136.988596,35.29832],[136.989824,35.29865],[136.990013,35.299764],[136.990599,35.300109],[136.992007,35.299952],[136.992247,35.299024],[136.992536,35.29869]]}},{"type":"Feature","properties":{"layer":"road","cls":"local","name":""},"geometry":{"type":"LineString","coordinates":[[136.984045,35.295584],[136.984044,35.295834]]}},{"type":"Feature","properties":{"layer":"road","cls":"local","name":""},"geometry":{"type":"LineString","coordinates":[[136.994662,35.306579],[136.991228,35.309778],[136.991155,35.310712],[136.990791,35.311599],[136.991276,35.312689]]}},{"type":"Feature","properties":{"layer":"road","cls":"local","name":""},"geometry":{"type":"LineString","coordinates":[[136.979934,35.299844],[136.981423,35.301228]]}},{"type":"Feature","properties":{"layer":"road","cls":"local","name":""},"geometry":{"type":"LineString","coordinates":[[136.982497,35.302089],[136.984337,35.304061],[136.983046,35.307316],[136.984465,35.307692],[136.986723,35.307448],[136.988724,35.305428],[136.99287,35.304126],[136.995201,35.302513]]}},{"type":"Feature","properties":{"layer":"road","cls":"local","name":""},"geometry":{"type":"LineString","coordinates":[[136.98379,35.291766],[136.983321,35.292068]]}},{"type":"Feature","properties":{"layer":"road","cls":"local","name":""},"geometry":{"type":"LineString","coordinates":[[136.980178,35.303819],[136.980345,35.30393]]}},{"type":"Feature","properties":{"layer":"road","cls":"local","name":""},"geometry":{"type":"LineString","coordinates":[[136.974039,35.303026],[136.973717,35.303203],[136.972649,35.305749],[136.972595,35.306659]]}},{"type":"Feature","properties":{"layer":"road","cls":"local","name":""},"geometry":{"type":"LineString","coordinates":[[136.980893,35.305544],[136.98084,35.305651]]}},{"type":"Feature","properties":{"layer":"road","cls":"local","name":""},"geometry":{"type":"LineString","coordinates":[[136.981365,35.30453],[136.981163,35.304953]]}},{"type":"Feature","properties":{"layer":"road","cls":"local","name":""},"geometry":{"type":"LineString","coordinates":[[136.971884,35.30706],[136.972595,35.306659]]}},{"type":"Feature","properties":{"layer":"road","cls":"local","name":""},"geometry":{"type":"LineString","coordinates":[[136.992673,35.291235],[136.991987,35.290095]]}},{"type":"Feature","properties":{"layer":"road","cls":"local","name":""},"geometry":{"type":"LineString","coordinates":[[136.980322,35.306735],[136.98084,35.305651]]}},{"type":"Feature","properties":{"layer":"road","cls":"local","name":""},"geometry":{"type":"LineString","coordinates":[[136.981163,35.304953],[136.980893,35.305544]]}},{"type":"Feature","properties":{"layer":"road","cls":"local","name":""},"geometry":{"type":"LineString","coordinates":[[136.993804,35.294091],[136.993506,35.293158]]}},{"type":"Feature","properties":{"layer":"road","cls":"local","name":""},"geometry":{"type":"LineString","coordinates":[[136.996549,35.297054],[136.994916,35.295643]]}},{"type":"Feature","properties":{"layer":"road","cls":"local","name":""},"geometry":{"type":"LineString","coordinates":[[136.981363,35.304403],[136.981365,35.30453]]}},{"type":"Feature","properties":{"layer":"road","cls":"local","name":""},"geometry":{"type":"LineString","coordinates":[[136.986931,35.294014],[136.988132,35.294876],[136.988752,35.295054]]}},{"type":"Feature","properties":{"layer":"road","cls":"local","name":""},"geometry":{"type":"LineString","coordinates":[[136.994916,35.295643],[136.994153,35.294915],[136.993804,35.294091]]}},{"type":"Feature","properties":{"layer":"road","cls":"local","name":""},"geometry":{"type":"LineString","coordinates":[[136.973474,35.307222],[136.971884,35.30706]]}},{"type":"Feature","properties":{"layer":"road","cls":"local","name":""},"geometry":{"type":"LineString","coordinates":[[136.980345,35.30393],[136.981363,35.304403]]}},{"type":"Feature","properties":{"layer":"road","cls":"local","name":""},"geometry":{"type":"LineString","coordinates":[[136.969271,35.306696],[136.965777,35.306515]]}},{"type":"Feature","properties":{"layer":"road","cls":"local","name":""},"geometry":{"type":"LineString","coordinates":[[136.988752,35.295054],[136.989831,35.293755],[136.990558,35.293673]]}},{"type":"Feature","properties":{"layer":"road","cls":"local","name":""},"geometry":{"type":"LineString","coordinates":[[136.993506,35.293158],[136.992673,35.291235]]}},{"type":"Feature","properties":{"layer":"road","cls":"local","name":""},"geometry":{"type":"LineString","coordinates":[[136.969271,35.306696],[136.971884,35.30706]]}},{"type":"Feature","properties":{"layer":"road","cls":"local","name":""},"geometry":{"type":"LineString","coordinates":[[136.984041,35.295094],[136.984045,35.295584]]}},{"type":"Feature","properties":{"layer":"road","cls":"local","name":""},"geometry":{"type":"LineString","coordinates":[[136.984044,35.295834],[136.984041,35.296191]]}},{"type":"Feature","properties":{"layer":"road","cls":"local","name":"桃花台鳥居松線","osm_name":"桃花台・春日井線"},"geometry":{"type":"LineString","coordinates":[[136.983897,35.245486],[136.983964,35.245366]]}},{"type":"Feature","properties":{"layer":"road","cls":"local","name":"桃花台鳥居松線","osm_name":"桃花台・春日井線"},"geometry":{"type":"LineString","coordinates":[[136.983964,35.245366],[136.984771,35.243879]]}},{"type":"Feature","properties":{"layer":"road","cls":"local","name":"桃花台鳥居松線","osm_name":"桃花台・春日井線"},"geometry":{"type":"LineString","coordinates":[[136.973081,35.262329],[136.973221,35.261851]]}},{"type":"Feature","properties":{"layer":"road","cls":"local","name":"桃花台鳥居松線","osm_name":"桃花台・春日井線"},"geometry":{"type":"LineString","coordinates":[[136.973221,35.261851],[136.974307,35.258849],[136.981536,35.249764],[136.983897,35.245486]]}},{"type":"Feature","properties":{"layer":"road","cls":"local","name":"桃花台鳥居松線","osm_name":"桃花台・春日井線"},"geometry":{"type":"LineString","coordinates":[[136.970998,35.286508],[136.971252,35.284717],[136.971455,35.276481]]}},{"type":"Feature","properties":{"layer":"road","cls":"local","name":"桃花台鳥居松線","osm_name":"桃花台・春日井線"},"geometry":{"type":"LineString","coordinates":[[136.971455,35.276481],[136.972239,35.265463],[136.973081,35.262329]]}},{"type":"Feature","properties":{"layer":"road","cls":"secondary","name":"内津勝川線"},"geometry":{"type":"LineString","coordinates":[[137.02442,35.2912],[137.02482,35.29277],[137.02463,35.2942],[137.02476,35.29464],[137.02761,35.29948],[137.02902,35.30149],[137.02969,35.30218],[137.03047,35.30387],[137.0314,35.3053],[137.03308,35.30757],[137.03646,35.31036],[137.03919,35.31341],[137.04234,35.31595],[137.0435,35.31637],[137.04504,35.31717],[137.04692,35.31751],[137.0484,35.318],[137.04917,35.31859],[137.05046,35.3201],[137.05094,35.32017],[137.05173,35.31985],[137.05267,35.32019],[137.0538,35.32119],[137.05525,35.32183],[137.05699,35.32297],[137.05822,35.32334],[137.06017,35.32519],[137.06129,35.3253],[137.06254,35.32584],[137.06375,35.32577],[137.06512,35.32613],[137.06536,35.32631],[137.06552,35.32687],[137.0658,35.3271],[137.06618,35.32725],[137.0672,35.32731],[137.06882,35.3279],[137.06915,35.32812],[137.06947,35.32871]]}},{"type":"Feature","properties":{"layer":"road","cls":"secondary","name":"高蔵寺小牧線"},"geometry":{"type":"LineString","coordinates":[[137.02024,35.28464],[137.01842,35.2861],[137.01456,35.28837],[137.01273,35.2885],[137.01069,35.28826],[137.00448,35.28925],[137.00357,35.28927],[137.00161,35.28887],[136.99766,35.28684],[136.98908,35.28393]]}},{"type":"Feature","properties":{"layer":"road","cls":"secondary","name":"県道明知小牧線"},"geometry":{"type":"LineString","coordinates":[[137.02481,35.30984],[137.02419,35.31156],[137.02297,35.31323],[137.02057,35.31489],[137.018,35.31727],[137.01707,35.31757],[137.01553,35.31761],[137.01176,35.31626]]}},{"type":"Feature","properties":{"layer":"road","cls":"trunk","name":"国道19号"},"geometry":{"type":"LineString","coordinates":[[137.03716,35.31632],[137.03003,35.31077],[137.02231,35.30314],[137.02131,35.30197],[137.02033,35.30029],[137.01984,35.29866],[137.0196,35.29363]]}},{"type":"Feature","properties":{"layer":"road","cls":"secondary","name":"春日井犬山線"},"geometry":{"type":"LineString","coordinates":[[137.0097,35.33726],[137.00994,35.33689],[137.01158,35.33551],[137.01234,35.3351],[137.01764,35.33528],[137.02003,35.33495],[137.02109,35.33447],[137.02161,35.33373],[137.02195,35.33185],[137.02247,35.33045],[137.02212,35.3291],[137.02217,35.32848],[137.02294,35.32686],[137.02418,35.32531]]}},{"type":"Feature","properties":{"layer":"road","cls":"motorway","name":"中央自動車道"},"geometry":{"type":"LineString","coordinates":[[137.09056,35.34128],[137.08795,35.33987],[137.08531,35.339],[137.08417,35.33843],[137.08312,35.33761],[137.08133,35.33539],[137.07997,35.33442],[137.07848,35.3339],[137.07492,35.3334],[137.07194,35.33226],[137.07043,35.33203],[137.0688,35.33208],[137.06528,35.33309],[137.06404,35.33324],[137.06273,35.33314],[137.06044,35.33259],[137.05916,35.33246],[137.05526,35.33299],[137.05194,35.33269],[137.05078,35.33271],[137.04609,35.33358],[137.04464,35.33364],[137.04289,35.3335],[137.04085,35.33305],[137.03719,35.33187],[137.03574,35.33169],[137.03199,35.33165],[137.03097,35.33147],[137.0293,35.3309],[137.02733,35.32998],[137.02575,35.32885],[137.02476,35.32766],[137.02393,35.32594]]}},{"type":"Feature","properties":{"layer":"road","cls":"secondary","name":"春日井犬山線"},"geometry":{"type":"LineString","coordinates":[[137.03418,35.32059],[137.03528,35.31935],[137.03574,35.31799]]}},{"type":"Feature","properties":{"layer":"road","cls":"secondary","name":"春日井犬山線"},"geometry":{"type":"LineString","coordinates":[[137.02518,35.32431],[137.0277,35.32253]]}},{"type":"Feature","properties":{"layer":"road","cls":"secondary","name":"県道明知小牧線"},"geometry":{"type":"LineString","coordinates":[[137.01973,35.32134],[137.02029,35.32142]]}},{"type":"Feature","properties":{"layer":"road","cls":"secondary","name":"県道明知小牧線"},"geometry":{"type":"LineString","coordinates":[[137.02029,35.32142],[137.02068,35.32148],[137.02119,35.3218],[137.02197,35.32314],[137.02418,35.32531]]}},{"type":"Feature","properties":{"layer":"road","cls":"secondary","name":"多治見犬山線"},"geometry":{"type":"LineString","coordinates":[[137.06164,35.33896],[137.06,35.33873],[137.0595,35.33843],[137.05861,35.33863],[137.05835,35.33842],[137.05804,35.33849],[137.05759,35.33824],[137.05683,35.33813],[137.05611,35.3377],[137.05555,35.33774],[137.05531,35.33703],[137.05445,35.33632],[137.05373,35.33609],[137.05292,35.33659],[137.05237,35.33649],[137.05188,35.33599],[137.05074,35.33567],[137.05004,35.33441],[137.04955,35.33424],[137.04737,35.33552],[137.04745,35.33626],[137.04643,35.33713],[137.04619,35.3371],[137.04602,35.33682],[137.04571,35.33666],[137.04522,35.3368],[137.04485,35.33667],[137.04432,35.33675],[137.04376,35.33719]]}},{"type":"Feature","properties":{"layer":"road","cls":"secondary","name":"多治見犬山線"},"geometry":{"type":"LineString","coordinates":[[137.02868,35.33412],[137.02841,35.33425],[137.02531,35.3343]]}},{"type":"Feature","properties":{"layer":"road","cls":"secondary","name":"多治見犬山線"},"geometry":{"type":"LineString","coordinates":[[137.04376,35.33719],[137.04329,35.33656],[137.04321,35.33594],[137.04292,35.33549],[137.04222,35.33522],[137.04164,35.33404],[137.04056,35.33375],[137.04082,35.33342],[137.04077,35.33328],[137.03815,35.33231],[137.03576,35.33188],[137.03297,35.33198],[137.03275,35.33266],[137.03213,35.33345],[137.03205,35.33327],[137.03226,35.3325],[137.03212,35.33267],[137.0318,35.33322],[137.03165,35.33402],[137.03152,35.33409]]}},{"type":"Feature","properties":{"layer":"road","cls":"motorway","name":"中央自動車道"},"geometry":{"type":"LineString","coordinates":[[137.02384,35.32598],[137.02462,35.32763],[137.02581,35.32904],[137.02726,35.33005],[137.02924,35.33098],[137.03094,35.33156],[137.03197,35.33174],[137.03568,35.33178],[137.03739,35.332],[137.04134,35.33329],[137.04288,35.3336],[137.04463,35.33373],[137.04617,35.33366],[137.05079,35.3328],[137.05532,35.33308],[137.05916,35.33256],[137.06042,35.33267],[137.06288,35.33326],[137.06417,35.33333],[137.06539,35.33316],[137.06882,35.33217],[137.07043,35.33212],[137.0719,35.33235],[137.07495,35.33351],[137.0781,35.33392],[137.0797,35.3344],[137.08109,35.3353],[137.08283,35.33745],[137.08412,35.33852],[137.08552,35.33918],[137.0879,35.33995],[137.09054,35.34137]]}},{"type":"Feature","properties":{"layer":"road","cls":"secondary","name":"多治見犬山線"},"geometry":{"type":"LineString","coordinates":[[137.01259,35.33692],[137.01419,35.33664],[137.01468,35.33618],[137.01536,35.33609],[137.01703,35.33603],[137.01965,35.33652],[137.02083,35.3365],[137.02119,35.33623],[137.02105,35.33576],[137.02115,35.33555],[137.0233,35.33557],[137.02417,35.3349],[137.02523,35.33436]]}},{"type":"Feature","properties":{"layer":"road","cls":"motorway","name":"中央自動車道"},"geometry":{"type":"LineString","coordinates":[[137.02367,35.3256],[137.02384,35.32598]]}},{"type":"Feature","properties":{"layer":"road","cls":"motorway","name":"中央自動車道"},"geometry":{"type":"LineString","coordinates":[[137.02393,35.32594],[137.02375,35.32553]]}},{"type":"Feature","properties":{"layer":"road","cls":"motorway","name":"中央自動車道"},"geometry":{"type":"LineString","coordinates":[[137.02375,35.32553],[137.02299,35.32436],[137.0204,35.32184],[137.01982,35.32086],[137.01942,35.31922],[137.01959,35.31623]]}},{"type":"Feature","properties":{"layer":"road","cls":"motorway","name":"中央自動車道"},"geometry":{"type":"LineString","coordinates":[[137.01947,35.31635],[137.0193,35.31923],[137.0197,35.32088],[137.02051,35.32215],[137.0226,35.32411],[137.02367,35.3256]]}},{"type":"Feature","properties":{"layer":"road","cls":"secondary","name":"高蔵寺小牧線"},"geometry":{"type":"LineString","coordinates":[[137.02477,35.28124],[137.02417,35.28154]]}},{"type":"Feature","properties":{"layer":"road","cls":"secondary","name":"高蔵寺小牧線"},"geometry":{"type":"LineString","coordinates":[[137.0374,35.27199],[137.03642,35.27246],[137.03279,35.27344],[137.0308,35.27454],[137.03,35.27515],[137.02676,35.27841],[137.02554,35.28064],[137.02477,35.28124]]}},{"type":"Feature","properties":{"layer":"road","cls":"trunk","name":"国道19号"},"geometry":{"type":"LineString","coordinates":[[137.03717,35.31645],[137.03757,35.31675]]}},{"type":"Feature","properties":{"layer":"road","cls":"trunk","name":"国道19号"},"geometry":{"type":"LineString","coordinates":[[137.03762,35.31668],[137.03716,35.31632]]}},{"type":"Feature","properties":{"layer":"road","cls":"secondary","name":"県道明知小牧線"},"geometry":{"type":"LineString","coordinates":[[137.02759,35.30813],[137.02751,35.30814]]}},{"type":"Feature","properties":{"layer":"road","cls":"trunk","name":"国道19号"},"geometry":{"type":"LineString","coordinates":[[137.03757,35.31675],[137.03957,35.31825],[137.04084,35.31902],[137.04346,35.31998]]}},{"type":"Feature","properties":{"layer":"road","cls":"trunk","name":"国道19号"},"geometry":{"type":"LineString","coordinates":[[137.04349,35.31989],[137.04092,35.31894],[137.03762,35.31668]]}},{"type":"Feature","properties":{"layer":"road","cls":"trunk","name":"国道19号"},"geometry":{"type":"LineString","coordinates":[[137.04383,35.31997],[137.04349,35.31989]]}},{"type":"Feature","properties":{"layer":"road","cls":"trunk","name":"国道19号"},"geometry":{"type":"LineString","coordinates":[[137.04346,35.31998],[137.04378,35.32006]]}},{"type":"Feature","properties":{"layer":"road","cls":"secondary","name":"春日井犬山線"},"geometry":{"type":"LineString","coordinates":[[137.0277,35.32253],[137.02835,35.32212]]}},{"type":"Feature","properties":{"layer":"road","cls":"secondary","name":"春日井犬山線"},"geometry":{"type":"LineString","coordinates":[[137.02835,35.32212],[137.02895,35.32185]]}},{"type":"Feature","properties":{"layer":"road","cls":"trunk","name":"国道19号"},"geometry":{"type":"LineString","coordinates":[[137.00202,35.27198],[137.01429,35.27989],[137.01581,35.28113],[137.01702,35.28261],[137.01775,35.28401],[137.01821,35.28574],[137.01881,35.29057],[137.01946,35.29365],[137.01957,35.29755],[137.01977,35.29902],[137.02008,35.29997],[137.02069,35.30124],[137.02172,35.30266],[137.02586,35.30678]]}},{"type":"Feature","properties":{"layer":"road","cls":"secondary","name":"内津勝川線"},"geometry":{"type":"LineString","coordinates":[[137.02433,35.29088],[137.02442,35.2912]]}},{"type":"Feature","properties":{"layer":"road","cls":"secondary","name":"内津勝川線"},"geometry":{"type":"LineString","coordinates":[[137.01408,35.26678],[137.01593,35.26755],[137.0167,35.26845],[137.01855,35.27396],[137.01907,35.27594],[137.02035,35.28113],[137.0206,35.2836]]}},{"type":"Feature","properties":{"layer":"road","cls":"secondary","name":"県道明知小牧線"},"geometry":{"type":"LineString","coordinates":[[137.02751,35.30814],[137.02716,35.30819]]}},{"type":"Feature","properties":{"layer":"road","cls":"trunk","name":"国道19号"},"geometry":{"type":"LineString","coordinates":[[137.04868,35.32035],[137.04554,35.32022],[137.04383,35.31997]]}},{"type":"Feature","properties":{"layer":"road","cls":"trunk","name":"国道19号"},"geometry":{"type":"LineString","coordinates":[[137.04378,35.32006],[137.04558,35.3203],[137.04867,35.32044]]}},{"type":"Feature","properties":{"layer":"road","cls":"trunk","name":"国道19号"},"geometry":{"type":"LineString","coordinates":[[137.02586,35.30678],[137.03075,35.31152],[137.03618,35.31569]]}},{"type":"Feature","properties":{"layer":"road","cls":"secondary","name":"内津勝川線"},"geometry":{"type":"LineString","coordinates":[[137.0243,35.29077],[137.02433,35.29088]]}},{"type":"Feature","properties":{"layer":"road","cls":"secondary","name":"多治見犬山線"},"geometry":{"type":"LineString","coordinates":[[137.02523,35.33436],[137.02531,35.3343]]}},{"type":"Feature","properties":{"layer":"road","cls":"secondary","name":"多治見犬山線"},"geometry":{"type":"LineString","coordinates":[[137.03025,35.33429],[137.02968,35.33431],[137.02886,35.33406]]}},{"type":"Feature","properties":{"layer":"road","cls":"secondary","name":"多治見犬山線"},"geometry":{"type":"LineString","coordinates":[[137.02886,35.33406],[137.02868,35.33412]]}},{"type":"Feature","properties":{"layer":"road","cls":"secondary","name":"高蔵寺小牧線"},"geometry":{"type":"LineString","coordinates":[[137.02068,35.28429],[137.02024,35.28464]]}},{"type":"Feature","properties":{"layer":"road","cls":"secondary","name":"高蔵寺小牧線"},"geometry":{"type":"LineString","coordinates":[[137.02417,35.28154],[137.02294,35.28222],[137.02171,35.28348],[137.02068,35.28429]]}},{"type":"Feature","properties":{"layer":"road","cls":"secondary","name":"内津勝川線"},"geometry":{"type":"LineString","coordinates":[[137.02068,35.28429],[137.02102,35.28509],[137.02393,35.28985],[137.0243,35.29077]]}},{"type":"Feature","properties":{"layer":"road","cls":"secondary","name":"内津勝川線"},"geometry":{"type":"LineString","coordinates":[[137.0206,35.2836],[137.02068,35.28429]]}},{"type":"Feature","properties":{"layer":"road","cls":"secondary","name":"春日井犬山線"},"geometry":{"type":"LineString","coordinates":[[137.02895,35.32185],[137.03017,35.32162],[137.0322,35.32155],[137.03367,35.32095]]}},{"type":"Feature","properties":{"layer":"road","cls":"secondary","name":"春日井犬山線"},"geometry":{"type":"LineString","coordinates":[[137.03367,35.32095],[137.03418,35.32059]]}},{"type":"Feature","properties":{"layer":"road","cls":"secondary","name":"県道明知小牧線"},"geometry":{"type":"LineString","coordinates":[[137.02716,35.30819],[137.0253,35.309],[137.02483,35.30979]]}},{"type":"Feature","properties":{"layer":"road","cls":"secondary","name":"県道明知小牧線"},"geometry":{"type":"LineString","coordinates":[[137.02483,35.30979],[137.02481,35.30984]]}},{"type":"Feature","properties":{"layer":"road","cls":"secondary","name":"多治見犬山線"},"geometry":{"type":"LineString","coordinates":[[137.03152,35.33409],[137.03025,35.33429]]}},{"type":"Feature","properties":{"layer":"road","cls":"secondary","name":"春日井犬山線"},"geometry":{"type":"LineString","coordinates":[[137.03618,35.31569],[137.03621,35.31559]]}},{"type":"Feature","properties":{"layer":"road","cls":"trunk","name":"国道19号"},"geometry":{"type":"LineString","coordinates":[[137.03618,35.31569],[137.03717,35.31645]]}},{"type":"Feature","properties":{"layer":"road","cls":"secondary","name":"春日井犬山線"},"geometry":{"type":"LineString","coordinates":[[137.02418,35.32531],[137.02518,35.32431]]}},{"type":"Feature","properties":{"layer":"road","cls":"secondary","name":"春日井犬山線"},"geometry":{"type":"LineString","coordinates":[[137.03574,35.31799],[137.03586,35.31669],[137.03618,35.31569]]}}]}